fips,walkability_score
01001,5.483
01003,6.813
01005,5.156
01007,5.241
01009,4.674
01011,4.501
01013,5.483
01015,5.731
01017,5.251
01019,4.324
01021,4.714
01023,3.944
01025,5.209
01027,4.291
01029,4.601
01031,6.014
01033,6.485
01035,4.647
01037,3.447
01039,5.199
01041,5.111
01043,5.099
01045,5.143
01047,6.113
01049,4.864
01051,5.373
01053,5.598
01055,5.933
01057,4.362
01059,5.089
01061,4.662
01063,3.856
01065,4.893
01067,4.756
01069,6.685
01071,4.708
01073,8.911
01075,4.846
01077,5.994
01079,3.658
01081,6.217
01083,5.153
01085,3.792
01087,4.653
01089,7.589
01091,5.549
01093,5.091
01095,5.905
01097,6.817
01099,4.53
01101,11.499
01103,6.131
01105,4.768
01107,4.408
01109,5.549
01111,4.854
01113,5.973
01115,5.562
01117,6.474
01119,4.689
01121,5.273
01123,5.09
01125,6.693
01127,5.35
01129,3.82
01131,4.691
01133,4.989
02013,5.823
02016,4.239
02020,10.017
02050,4.072
02060,7.249
02068,6.0
02070,4.546
02090,5.743
02100,6.474
02105,6.26
02110,10.241
02122,5.88
02130,7.793
02150,6.684
02158,5.431
02164,6.097
02170,5.534
02180,6.993
02185,4.884
02188,6.118
02195,8.226
02198,6.152
02220,12.899
02230,6.833
02240,5.197
02261,5.504
02275,5.583
02282,7.167
02290,5.203
04001,4.335
04003,6.095
04005,8.867
04007,5.522
04009,5.243
04011,3.738
04012,5.053
04013,11.079
04015,6.911
04017,5.352
04019,9.891
04021,5.927
04023,5.584
04025,7.156
04027,9.905
05001,6.37
05003,5.212
05005,5.96
05007,6.543
05009,6.186
05011,5.34
05013,4.153
05015,5.234
05017,5.6
05019,6.193
05021,5.49
05023,5.569
05025,3.366
05027,6.337
05029,5.222
05031,6.719
05033,5.828
05035,8.887
05037,5.817
05039,5.408
05041,6.261
05043,4.824
05045,6.525
05047,5.181
05049,3.939
05051,6.974
05053,4.084
05055,5.748
05057,5.504
05059,5.447
05061,5.903
05063,5.52
05065,5.573
05067,5.346
05069,6.225
05071,4.927
05073,5.237
05075,5.7
05077,4.688
05079,4.472
05081,4.355
05083,5.109
05085,5.642
05087,4.299
05089,4.669
05091,6.362
05093,6.091
05095,5.731
05097,4.424
05099,4.672
05101,4.707
05103,5.724
05105,4.783
05107,6.008
05109,5.601
05111,5.557
05113,5.39
05115,6.234
05117,5.581
05119,9.82
05121,4.719
05123,4.918
05125,6.026
05127,4.802
05129,4.531
05131,7.096
05133,5.377
05135,5.29
05137,5.287
05139,5.902
05141,4.783
05143,7.799
05145,5.821
05147,5.524
05149,4.947
06001,14.1
06003,5.41
06005,6.513
06007,7.034
06009,6.549
06011,7.159
06013,11.12
06015,10.538
06017,8.428
06019,10.939
06021,7.18
06023,10.778
06025,8.083
06027,7.355
06029,9.95
06031,10.484
06033,9.606
06035,6.117
06037,13.448
06039,9.031
06041,12.089
06043,4.684
06045,9.18
06047,10.978
06049,6.582
06051,10.404
06053,11.832
06055,8.591
06057,7.733
06059,13.265
06061,10.273
06063,8.741
06065,10.656
06067,12.33
06069,10.763
06071,10.97
06073,11.802
06075,15.98
06077,10.814
06079,10.379
06081,10.249
06083,10.77
06085,13.666
06087,12.042
06089,9.154
06091,5.108
06093,7.989
06095,11.925
06097,10.962
06099,12.25
06101,11.108
06103,7.87
06105,6.632
06107,7.45
06109,6.207
06111,11.975
06113,13.271
06115,9.337
08001,11.938
08003,7.635
08005,12.241
08007,6.606
08009,5.542
08011,6.998
08013,12.74
08014,10.129
08015,7.632
08017,6.128
08019,6.394
08021,4.78
08023,5.436
08025,4.677
08027,4.454
08029,6.482
08031,14.432
08033,6.345
08035,8.564
08037,8.86
08039,4.773
08041,10.34
08043,5.582
08045,8.136
08047,4.938
08049,8.506
08051,10.06
08053,6.667
08055,4.588
08057,6.613
08059,10.931
08061,6.786
08063,6.925
08065,7.086
08067,6.609
08069,9.985
08071,6.628
08073,5.802
08075,7.443
08077,7.322
08079,7.167
08081,6.28
08083,6.217
08085,6.249
08087,6.592
08089,8.282
08091,6.115
08093,5.352
08095,7.501
08097,9.453
08099,9.436
08101,7.094
08103,7.555
08105,6.414
08107,7.116
08109,6.277
08111,7.0
08113,7.142
08115,6.562
08117,7.706
08119,6.165
08121,5.69
08123,7.355
08125,6.021
09001,10.26
09003,10.334
09005,7.274
09007,8.676
09009,10.726
09011,9.07
09013,7.128
09015,6.727
10001,8.545
10003,11.014
10005,7.374
11001,14.427
12001,10.239
12003,5.233
12005,9.457
12007,5.052
12009,9.722
12011,12.003
12013,4.98
12015,7.235
12017,6.888
12019,7.014
12021,7.008
12023,6.024
12027,5.885
12029,4.31
12031,10.402
12033,9.709
12035,6.561
12037,6.813
12039,5.076
12041,4.321
12043,4.37
12045,5.853
12047,4.783
12049,5.719
12051,6.33
12053,8.546
12055,6.54
12057,9.851
12059,4.384
12061,7.204
12063,5.197
12065,5.244
12067,5.178
12069,7.04
12071,9.211
12073,9.691
12075,5.201
12077,4.041
12079,5.174
12081,10.287
12083,7.284
12085,7.0
12086,13.801
12087,11.456
12089,6.315
12091,7.679
12093,5.752
12095,10.479
12097,9.375
12099,10.725
12101,8.687
12103,12.557
12105,7.596
12107,5.753
12109,7.673
12111,7.36
12113,6.454
12115,10.875
12117,9.383
12119,7.307
12121,5.127
12123,5.1
12125,4.704
12127,10.012
12129,5.577
12131,6.433
12133,4.612
13001,5.121
13003,4.55
13005,5.458
13007,3.861
13009,5.771
13011,5.189
13013,5.894
13015,6.258
13017,5.46
13019,3.958
13021,7.054
13023,5.722
13025,4.011
13027,4.998
13029,6.323
13031,6.314
13033,3.898
13035,5.769
13037,4.825
13039,6.484
13043,4.762
13045,6.002
13047,6.019
13049,5.31
13051,10.4
13053,6.104
13055,4.97
13057,7.024
13059,7.438
13061,4.733
13063,8.718
13065,5.272
13067,8.692
13069,5.046
13071,5.495
13073,6.821
13075,5.359
13077,6.199
13079,4.116
13081,5.915
13083,5.257
13085,6.378
13087,5.782
13089,10.889
13091,4.692
13093,4.223
13095,7.96
13097,6.444
13099,4.333
13101,3.442
13103,5.262
13105,5.012
13107,5.754
13109,5.538
13111,5.826
13113,6.826
13115,5.861
13117,6.619
13119,5.518
13121,11.151
13123,5.172
13125,4.073
13127,7.368
13129,5.554
13131,5.339
13133,5.425
13135,8.503
13137,6.327
13139,6.229
13141,3.532
13143,5.565
13145,4.395
13147,4.964
13149,3.55
13151,6.64
13153,6.862
13155,4.78
13157,5.606
13159,4.178
13161,4.788
13163,5.43
13165,3.676
13167,4.231
13169,4.587
13171,5.117
13173,4.512
13175,5.706
13177,5.307
13179,5.611
13181,4.202
13183,2.915
13185,6.795
13187,5.428
13189,5.3
13191,4.905
13193,4.507
13195,5.152
13197,4.045
13199,4.849
13201,5.214
13205,5.261
13207,5.121
13209,5.472
13211,5.411
13213,4.257
13215,7.229
13217,5.867
13219,6.689
13221,4.113
13223,6.145
13225,6.025
13227,5.736
13229,5.212
13231,5.073
13233,5.604
13235,5.952
13237,5.322
13239,4.828
13241,6.47
13243,5.171
13245,6.875
13247,5.931
13249,4.401
13251,4.967
13253,4.497
13255,6.323
13257,6.293
13259,4.022
13261,6.397
13263,3.237
13265,2.861
13267,4.406
13269,4.668
13271,5.729
13273,5.591
13275,5.708
13277,7.017
13279,5.698
13281,6.084
13283,4.375
13285,6.179
13287,5.211
13289,4.066
13291,5.621
13293,5.227
13295,5.208
13297,5.946
13299,6.62
13301,4.383
13303,5.112
13305,5.287
13307,3.695
13309,3.881
13311,6.15
13313,5.909
13315,4.317
13317,4.776
13319,4.486
13321,4.647
15001,5.459
15003,12.241
15005,4.833
15007,6.472
15009,6.913
16001,10.748
16003,5.655
16005,7.379
16007,5.576
16009,5.854
16011,5.786
16013,10.055
16015,5.306
16017,5.99
16019,7.717
16021,5.525
16023,5.554
16025,5.833
16027,9.208
16029,4.656
16031,6.549
16033,6.167
16035,5.016
16037,6.246
16039,7.046
16041,5.828
16043,5.925
16045,6.865
16047,6.677
16049,4.756
16051,4.787
16053,6.416
16055,7.957
16057,6.395
16059,5.547
16061,6.671
16063,4.775
16065,7.596
16067,6.264
16069,7.38
16071,6.288
16073,5.641
16075,7.249
16077,6.73
16079,5.334
16081,6.964
16083,7.779
16085,6.161
16087,6.517
17001,7.152
17003,5.758
17005,5.723
17007,6.297
17009,6.387
17011,5.867
17013,4.674
17015,6.249
17017,7.466
17019,11.517
17021,6.257
17023,5.518
17025,5.765
17027,6.591
17029,6.964
17031,13.582
17033,6.178
17035,4.892
17037,6.994
17039,6.192
17041,6.107
17043,10.583
17045,5.974
17047,4.712
17049,6.623
17051,5.224
17053,6.566
17055,6.079
17057,5.893
17059,4.461
17061,5.193
17063,6.659
17065,5.366
17067,5.71
17069,4.311
17071,4.918
17073,6.025
17075,5.877
17077,6.545
17079,5.039
17081,5.558
17083,4.988
17085,6.234
17087,3.88
17089,10.131
17091,6.907
17093,7.04
17095,6.698
17097,10.036
17099,6.873
17101,5.992
17103,6.258
17105,6.415
17107,6.695
17109,5.573
17111,8.299
17113,10.5
17115,6.924
17117,6.512
17119,7.099
17121,6.242
17123,5.844
17125,5.552
17127,5.829
17129,5.384
17131,4.583
17133,6.578
17135,6.599
17137,6.536
17139,5.923
17141,5.866
17143,10.544
17145,5.565
17147,6.306
17149,5.604
17151,3.158
17153,5.912
17155,5.872
17157,5.966
17159,6.738
17161,7.472
17163,10.232
17165,6.903
17167,10.206
17169,5.185
17171,5.482
17173,5.493
17175,4.717
17177,6.459
17179,8.479
17181,5.372
17183,6.582
17185,6.457
17187,6.297
17189,5.177
17191,4.972
17193,6.292
17195,6.397
17197,8.794
17199,6.302
17201,7.035
17203,6.078
18001,5.349
18003,9.535
18005,6.584
18007,6.236
18009,6.9
18011,6.32
18013,4.495
18015,5.066
18017,6.257
18019,8.626
18021,6.006
18023,6.146
18025,5.393
18027,6.658
18029,5.509
18031,5.958
18033,5.815
18035,7.348
18037,6.473
18039,6.767
18041,5.901
18043,8.173
18045,5.951
18047,5.133
18049,5.999
18051,6.65
18053,7.123
18055,5.594
18057,8.131
18059,6.626
18061,4.605
18063,6.717
18065,6.168
18067,6.719
18069,6.723
18071,6.094
18073,5.728
18075,5.099
18077,5.985
18079,4.677
18081,7.2
18083,7.193
18085,6.107
18087,5.023
18089,8.012
18091,6.883
18093,5.85
18095,6.859
18097,10.75
18099,5.624
18101,5.649
18103,5.496
18105,10.595
18107,6.01
18109,5.838
18111,5.316
18113,5.525
18115,3.735
18117,5.159
18119,4.322
18121,4.842
18123,6.0
18125,5.518
18127,7.033
18129,5.502
18131,5.465
18133,5.327
18135,5.2
18137,5.814
18139,5.024
18141,7.438
18143,5.231
18145,5.962
18147,5.856
18149,4.908
18151,5.588
18153,5.612
18155,3.982
18157,10.685
18159,5.169
18161,5.587
18163,7.486
18165,5.84
18167,9.913
18169,6.366
18171,4.807
18173,6.408
18175,4.796
18177,6.872
18179,5.747
18181,5.543
18183,5.313
19001,6.114
19003,5.054
19005,5.703
19007,6.353
19009,4.989
19011,5.885
19013,7.783
19015,7.188
19017,6.791
19019,5.963
19021,7.01
19023,5.987
19025,6.574
19027,7.578
19029,6.636
19031,6.139
19033,10.311
19035,6.487
19037,5.649
19039,6.207
19041,6.719
19043,5.81
19045,9.223
19047,6.615
19049,8.377
19051,5.273
19053,5.423
19055,5.954
19057,11.624
19059,7.143
19061,7.319
19063,6.828
19065,5.98
19067,5.887
19069,6.017
19071,5.462
19073,6.272
19075,6.072
19077,5.946
19079,6.146
19081,5.428
19083,6.283
19085,5.639
19087,6.793
19089,6.42
19091,6.418
19093,6.111
19095,5.932
19097,6.485
19099,6.894
19101,7.227
19103,9.308
19105,6.346
19107,5.383
19109,6.613
19111,6.909
19113,10.645
19115,5.656
19117,5.015
19119,5.873
19121,6.445
19123,9.433
19125,6.493
19127,9.491
19129,5.522
19131,6.194
19133,5.585
19135,5.815
19137,7.261
19139,9.864
19141,7.088
19143,5.473
19145,6.663
19147,7.02
19149,5.952
19151,6.173
19153,11.221
19155,6.983
19157,5.904
19159,6.17
19161,6.018
19163,7.941
19165,5.971
19167,7.014
19169,7.56
19171,6.033
19173,5.087
19175,6.496
19177,4.675
19179,6.832
19181,6.621
19183,6.756
19185,5.571
19187,10.467
19189,6.662
19191,6.011
19193,11.929
19195,5.125
19197,6.634
20001,7.035
20003,6.673
20005,6.235
20007,6.405
20009,7.755
20011,6.364
20013,6.736
20015,6.363
20017,5.875
20019,5.145
20021,5.714
20023,6.617
20025,6.148
20027,5.703
20029,6.894
20031,5.769
20033,6.843
20035,6.644
20037,7.28
20039,5.714
20041,6.437
20043,4.95
20045,8.666
20047,6.139
20049,5.605
20051,8.335
20053,6.943
20055,7.848
20057,7.393
20059,6.389
20061,6.157
20063,5.597
20065,6.203
20067,6.777
20069,5.848
20071,6.627
20073,6.093
20075,5.912
20077,6.861
20079,7.019
20081,6.201
20083,7.0
20085,5.1
20087,5.469
20089,5.051
20091,10.281
20093,6.848
20095,5.127
20097,5.668
20099,6.864
20101,5.622
20103,6.232
20105,5.347
20107,5.681
20109,6.942
20111,7.38
20113,6.631
20115,5.747
20117,6.868
20119,6.359
20121,6.149
20123,7.56
20125,6.562
20127,5.148
20129,6.709
20131,5.986
20133,6.867
20135,6.383
20137,7.876
20139,5.195
20141,7.167
20143,5.297
20145,6.529
20147,6.336
20149,5.813
20151,7.104
20153,5.677
20155,7.131
20157,5.778
20159,6.739
20161,7.81
20163,7.57
20165,5.798
20167,6.656
20169,11.713
20171,6.749
20173,10.164
20175,7.887
20177,10.15
20179,5.281
20181,7.567
20183,6.529
20185,6.467
20187,8.925
20189,7.169
20191,5.899
20193,7.264
20195,6.673
20197,4.547
20199,6.637
20201,6.295
20203,7.124
20205,6.18
20207,6.229
20209,10.49
21001,4.92
21003,4.533
21005,5.45
21007,4.622
21009,5.271
21011,3.837
21013,5.216
21015,7.794
21017,5.785
21019,7.116
21021,7.262
21023,4.482
21025,3.606
21027,4.337
21029,5.716
21031,3.924
21033,5.467
21035,6.104
21037,10.742
21039,5.035
21041,5.443
21043,5.09
21045,3.739
21047,6.394
21049,6.199
21051,3.929
21053,5.079
21055,4.123
21057,4.25
21059,6.876
21061,3.75
21063,3.497
21065,4.739
21067,11.082
21069,4.292
21071,4.666
21073,6.734
21075,7.462
21077,5.109
21079,4.181
21081,4.995
21083,4.951
21085,4.797
21087,3.803
21089,6.296
21091,4.382
21093,6.259
21095,4.256
21097,4.767
21099,3.946
21101,6.17
21103,5.0
21105,4.701
21107,5.229
21109,3.871
21111,11.306
21113,7.944
21115,4.669
21117,9.916
21119,3.578
21121,5.311
21123,4.512
21125,5.606
21127,4.947
21129,5.019
21131,3.287
21133,4.13
21135,3.82
21137,4.357
21139,3.881
21141,4.983
21143,5.809
21145,6.82
21147,4.273
21149,5.016
21151,6.354
21153,3.89
21155,4.96
21157,5.186
21159,5.525
21161,5.717
21163,5.05
21165,4.14
21167,4.61
21169,4.05
21171,4.712
21173,5.423
21175,4.641
21177,4.733
21179,5.304
21181,4.145
21183,4.316
21185,6.075
21187,3.677
21189,3.3
21191,4.551
21193,5.635
21195,4.213
21197,4.743
21199,5.712
21201,4.5
21203,4.719
21205,6.281
21207,5.43
21209,7.239
21211,5.625
21213,5.945
21215,4.897
21217,5.837
21219,4.556
21221,4.997
21223,4.676
21225,5.803
21227,6.652
21229,4.191
21231,4.73
21233,4.619
21235,5.067
21237,4.396
21239,5.704
22001,6.2
22003,4.797
22005,6.442
22007,4.021
22009,5.031
22011,4.49
22013,4.676
22015,5.839
22017,6.645
22019,6.769
22021,4.508
22023,3.53
22025,5.114
22027,4.989
22029,5.869
22031,5.218
22033,7.089
22035,6.278
22037,4.415
22039,5.393
22041,4.633
22043,4.465
22045,6.382
22047,5.341
22049,4.907
22051,9.258
22053,5.653
22055,7.749
22057,5.782
22059,5.969
22061,6.127
22063,5.372
22065,7.142
22067,5.234
22069,5.624
22071,13.708
22073,6.536
22075,6.364
22077,4.758
22079,6.403
22081,5.081
22083,5.255
22085,4.152
22087,7.503
22089,6.259
22091,3.857
22093,5.421
22095,7.06
22097,6.097
22099,5.379
22101,7.006
22103,7.053
22105,5.925
22107,4.948
22109,6.426
22111,4.587
22113,5.856
22115,4.48
22117,5.141
22119,5.667
22121,5.796
22123,3.853
22125,3.968
22127,4.664
23001,7.144
23003,5.704
23005,9.592
23007,5.597
23009,6.255
23011,6.625
23013,6.985
23015,6.423
23017,5.824
23019,6.34
23021,5.328
23023,6.505
23025,5.837
23027,5.628
23029,5.817
23031,6.777
24001,10.134
24003,9.304
24005,10.694
24009,6.035
24011,5.95
24013,6.609
24015,7.121
24017,6.313
24019,5.615
24021,8.98
24023,5.809
24025,8.793
24027,10.309
24029,6.371
24031,12.605
24033,10.997
24035,6.341
24037,6.172
24039,5.345
24041,7.098
24043,6.682
24045,6.997
24047,7.477
24510,14.195
25001,8.71
25003,9.215
25005,10.683
25007,11.845
25009,11.774
25011,7.651
25013,10.902
25015,9.313
25017,12.002
25019,13.903
25021,11.295
25023,8.923
25025,15.041
25027,9.258
26001,4.401
26003,6.194
26005,5.45
26007,6.175
26009,5.55
26011,4.705
26013,6.201
26015,5.057
26017,7.324
26019,6.134
26021,6.465
26023,5.426
26025,6.126
26027,4.754
26029,6.124
26031,5.504
26033,6.123
26035,5.309
26037,6.191
26039,5.839
26041,6.786
26043,7.113
26045,6.723
26047,6.417
26049,8.286
26051,4.45
26053,6.611
26055,7.643
26057,5.46
26059,4.844
26061,6.941
26063,5.798
26065,10.839
26067,4.943
26069,5.986
26071,6.071
26073,6.635
26075,5.729
26077,6.659
26079,5.006
26081,9.74
26083,5.581
26085,4.507
26087,4.834
26089,5.764
26091,6.027
26093,5.948
26095,6.704
26097,6.408
26099,7.675
26101,6.1
26103,7.039
26105,6.172
26107,6.282
26109,6.244
26111,5.871
26113,5.261
26115,5.69
26117,5.187
26119,4.597
26121,6.465
26123,5.081
26125,7.732
26127,5.236
26129,5.144
26131,5.618
26133,4.695
26135,4.856
26137,5.751
26139,6.64
26141,5.641
26143,5.845
26145,6.465
26147,5.948
26149,5.248
26151,4.795
26153,5.913
26155,5.679
26157,4.605
26159,5.31
26161,9.619
26163,10.181
26165,6.124
27001,5.136
27003,8.825
27005,5.838
27007,6.017
27009,6.928
27011,6.366
27013,7.225
27015,7.668
27017,5.888
27019,7.297
27021,5.523
27023,7.019
27025,6.158
27027,10.431
27029,4.528
27031,6.381
27033,6.082
27035,6.463
27037,9.805
27039,8.769
27041,6.706
27043,6.36
27045,7.15
27047,6.529
27049,7.069
27051,6.375
27053,12.202
27055,7.751
27057,5.302
27059,6.047
27061,5.677
27063,5.692
27065,4.62
27067,7.065
27069,6.301
27071,7.01
27073,6.209
27075,6.541
27077,4.957
27079,6.094
27081,6.574
27083,7.354
27085,6.46
27087,4.867
27089,5.286
27091,6.862
27093,5.8
27095,6.501
27097,5.866
27099,7.362
27101,5.653
27103,6.656
27105,6.321
27107,6.125
27109,7.591
27111,5.89
27113,6.512
27115,5.848
27117,6.93
27119,7.597
27121,5.692
27123,12.96
27125,5.658
27127,6.478
27129,6.116
27131,7.406
27133,6.184
27135,5.465
27137,9.134
27139,8.207
27141,5.808
27143,5.387
27145,7.253
27147,6.639
27149,6.306
27151,7.057
27153,4.929
27155,6.533
27157,7.889
27159,5.705
27161,7.169
27163,8.453
27165,6.786
27167,5.478
27169,7.246
27171,6.669
27173,5.69
28001,5.669
28003,5.269
28005,3.19
28007,4.933
28009,3.807
28011,6.138
28013,4.91
28015,3.348
28017,4.111
28019,4.726
28021,3.395
28023,3.732
28025,5.537
28027,6.167
28029,4.783
28031,4.929
28033,6.362
28035,7.082
28037,3.86
28039,4.316
28041,4.558
28043,6.059
28045,5.923
28047,6.562
28049,9.131
28051,4.384
28053,5.769
28055,4.792
28057,4.39
28059,5.917
28061,3.395
28063,3.315
28065,3.553
28067,5.548
28069,4.188
28071,5.807
28073,6.145
28075,6.025
28077,3.854
28079,3.726
28081,6.03
28083,6.856
28085,4.636
28087,6.425
28089,6.474
28091,4.528
28093,4.386
28095,4.865
28097,5.321
28099,4.582
28101,3.921
28103,5.073
28105,5.996
28107,5.077
28109,5.319
28111,4.009
28113,5.942
28115,3.922
28117,5.114
28119,5.178
28121,6.247
28123,4.51
28125,6.914
28127,4.387
28129,3.692
28131,4.532
28133,5.905
28135,4.692
28137,4.355
28139,4.402
28141,4.829
28143,6.2
28145,4.025
28147,4.209
28149,5.755
28151,7.317
28153,4.31
28155,5.097
28157,4.911
28159,4.404
28161,4.436
28163,5.193
29001,7.499
29003,5.777
29005,6.249
29007,6.196
29009,5.648
29011,5.626
29013,6.361
29015,5.77
29017,4.066
29019,7.336
29021,8.351
29023,6.592
29025,5.838
29027,5.682
29029,6.351
29031,6.954
29033,6.316
29035,5.831
29037,7.113
29039,5.373
29041,6.234
29043,6.6
29045,5.251
29047,8.824
29049,6.235
29051,6.614
29053,6.346
29055,5.561
29057,5.457
29059,4.599
29061,5.254
29063,5.735
29065,6.055
29067,4.297
29069,7.1
29071,6.533
29073,5.898
29075,6.495
29077,7.832
29079,6.274
29081,5.75
29083,6.109
29085,4.232
29087,6.641
29089,5.998
29091,5.901
29093,5.324
29095,10.816
29097,7.482
29099,7.008
29101,6.115
29103,5.48
29105,5.24
29107,6.441
29109,6.568
29111,6.131
29113,5.826
29115,6.422
29117,7.18
29119,4.778
29121,5.847
29123,5.77
29125,4.026
29127,7.77
29129,5.035
29131,5.833
29133,6.964
29135,5.978
29137,5.688
29139,5.533
29141,5.268
29143,6.276
29145,5.843
29147,7.217
29149,4.892
29151,4.88
29153,4.84
29155,7.141
29157,6.373
29159,6.937
29161,6.346
29163,5.856
29165,8.356
29167,5.603
29169,5.939
29171,5.481
29173,5.11
29175,6.417
29177,5.252
29179,5.163
29181,4.315
29183,7.986
29185,5.091
29186,5.035
29187,7.117
29189,10.75
29195,6.838
29197,5.294
29199,4.685
29201,6.601
29203,4.799
29205,6.273
29207,6.338
29209,5.626
29211,5.678
29213,6.584
29215,4.861
29217,6.173
29219,5.697
29221,5.163
29223,4.454
29225,5.626
29227,5.48
29229,5.735
29510,14.144
30001,6.863
30003,5.477
30005,4.283
30007,5.799
30009,5.517
30011,5.349
30013,7.772
30015,5.367
30017,8.593
30019,5.789
30021,7.356
30023,6.843
30025,6.869
30027,7.511
30029,7.168
30031,10.878
30033,6.667
30035,4.666
30037,5.833
30039,5.445
30041,7.193
30043,6.089
30045,5.329
30047,5.73
30049,7.699
30051,5.214
30053,6.771
30055,6.364
30057,5.457
30059,5.141
30061,5.867
30063,11.709
30065,5.833
30067,8.007
30069,5.0
30071,7.835
30073,6.534
30075,4.63
30077,6.08
30079,6.167
30081,5.597
30083,6.848
30085,6.602
30087,7.366
30089,5.755
30091,5.894
30093,13.337
30095,5.93
30097,6.973
30099,6.265
30101,6.453
30103,5.167
30105,7.273
30107,6.434
30109,6.5
30111,7.608
31001,7.576
31003,5.544
31005,5.0
31007,5.5
31009,6.667
31011,6.164
31013,7.529
31015,6.592
31017,6.902
31019,7.96
31021,6.732
31023,5.135
31025,6.136
31027,5.988
31029,6.856
31031,6.335
31033,7.61
31035,6.221
31037,7.905
31039,7.423
31041,6.09
31043,11.543
31045,7.804
31047,6.72
31049,6.545
31051,5.205
31053,8.083
31055,11.408
31057,7.532
31059,7.415
31061,6.227
31063,5.905
31065,7.277
31067,7.155
31069,6.27
31071,6.682
31073,5.755
31075,6.667
31077,5.99
31079,8.253
31081,6.465
31083,5.741
31085,5.0
31087,5.63
31089,7.152
31091,6.833
31093,5.757
31095,7.137
31097,6.527
31099,6.624
31101,7.147
31103,6.0
31105,7.074
31107,7.025
31109,12.883
31111,7.915
31113,6.0
31115,6.167
31117,4.833
31119,8.022
31121,6.256
31123,5.975
31125,6.657
31127,6.408
31129,6.484
31131,7.112
31133,5.684
31135,5.789
31137,7.498
31139,6.572
31141,8.0
31143,6.036
31145,7.689
31147,6.334
31149,6.034
31151,6.079
31153,7.881
31155,6.049
31157,7.619
31159,5.731
31161,6.271
31163,6.31
31165,4.677
31167,4.681
31169,7.033
31171,6.833
31173,6.245
31175,5.83
31177,5.609
31179,5.933
31181,6.596
31183,4.833
31185,7.704
32001,5.962
32003,11.738
32005,7.14
32007,5.983
32009,4.101
32011,4.321
32013,5.514
32015,6.089
32017,5.548
32019,5.298
32021,4.912
32023,5.541
32027,5.177
32029,3.616
32031,10.049
32033,7.07
32510,9.917
33001,6.95
33003,6.6
33005,6.846
33007,6.478
33009,8.073
33011,7.302
33013,6.688
33015,6.893
33017,7.139
33019,6.336
34001,11.365
34003,13.365
34005,9.45
34007,12.393
34009,10.804
34011,8.799
34013,13.276
34015,10.132
34017,14.536
34019,6.857
34021,11.9
34023,11.565
34025,10.85
34027,9.663
34029,9.246
34031,13.436
34033,9.41
34035,8.905
34037,6.495
34039,13.113
34041,8.265
35001,12.03
35003,4.915
35005,7.918
35006,5.744
35007,6.774
35009,7.575
35011,6.773
35013,7.077
35015,7.548
35017,6.407
35019,6.205
35021,6.333
35023,8.319
35025,7.471
35027,7.378
35028,6.359
35029,7.203
35031,5.363
35033,4.839
35035,5.676
35037,7.98
35039,4.924
35041,6.701
35043,8.077
35045,7.719
35047,6.132
35049,9.432
35051,7.198
35053,6.202
35055,6.286
35057,5.083
35059,7.844
35061,6.89
36001,10.96
36003,5.566
36005,13.114
36007,6.741
36009,6.092
36011,7.745
36013,6.865
36015,6.917
36017,5.096
36019,5.533
36021,6.074
36023,6.442
36025,5.315
36027,6.946
36029,10.963
36031,5.658
36033,5.573
36035,6.56
36037,5.722
36039,5.458
36041,5.195
36043,5.596
36045,6.028
36047,13.706
36049,4.542
36051,8.095
36053,5.998
36055,10.487
36057,6.064
36059,13.991
36061,13.75
36063,8.773
36065,9.096
36067,10.924
36069,6.184
36071,8.089
36073,5.425
36075,7.808
36077,5.634
36079,7.32
36081,14.32
36083,9.429
36085,14.467
36087,9.145
36089,5.718
36091,7.419
36093,11.271
36095,4.74
36097,4.718
36099,5.925
36101,6.443
36103,8.557
36105,6.1
36107,5.795
36109,6.523
36111,6.342
36113,7.511
36115,5.745
36117,6.062
36119,12.873
36121,5.52
36123,5.385
37001,6.504
37003,5.239
37005,5.302
37007,5.043
37009,4.934
37011,6.377
37013,5.77
37015,4.066
37017,4.201
37019,6.252
37021,9.1
37023,5.499
37025,8.409
37027,5.656
37029,3.925
37031,6.343
37033,4.118
37035,6.456
37037,5.994
37039,5.64
37041,6.117
37043,5.389
37045,5.704
37047,4.913
37049,6.294
37051,6.555
37053,5.799
37055,7.806
37057,5.822
37059,5.423
37061,4.775
37063,10.144
37065,7.157
37067,6.922
37069,5.334
37071,6.544
37073,3.649
37075,4.406
37077,5.007
37079,4.359
37081,7.625
37083,5.87
37085,5.617
37087,6.318
37089,6.703
37091,5.189
37093,4.767
37095,4.949
37097,6.163
37099,6.07
37101,5.783
37103,4.612
37105,6.02
37107,6.038
37109,5.477
37111,5.407
37113,6.109
37115,4.891
37117,5.297
37119,10.5
37121,5.915
37123,5.098
37125,6.075
37127,7.727
37129,10.632
37131,3.935
37133,5.74
37135,9.767
37137,5.318
37139,7.533
37141,5.905
37143,4.827
37145,5.194
37147,6.972
37149,5.599
37151,5.347
37153,5.759
37155,5.012
37157,5.303
37159,6.311
37161,5.7
37163,5.086
37165,5.817
37167,5.911
37169,4.692
37171,5.68
37173,5.721
37175,6.066
37177,4.445
37179,6.321
37181,5.935
37183,9.794
37185,4.254
37187,4.598
37189,7.574
37191,5.608
37193,4.604
37195,6.648
37197,5.039
37199,5.853
38001,6.924
38003,6.443
38005,4.242
38007,7.0
38009,6.022
38011,6.304
38013,6.667
38015,7.902
38017,12.838
38019,6.112
38021,6.832
38023,4.965
38025,5.519
38027,6.792
38029,5.675
38031,7.453
38033,5.667
38035,12.864
38037,5.747
38039,6.132
38041,6.338
38043,4.879
38045,6.233
38047,6.531
38049,5.234
38051,7.15
38053,6.898
38055,6.375
38057,6.699
38059,7.561
38061,7.025
38063,6.025
38065,4.582
38067,6.151
38069,7.344
38071,7.609
38073,6.531
38075,5.412
38077,6.786
38079,5.041
38081,4.835
38083,5.667
38085,4.445
38087,4.667
38089,7.667
38091,5.611
38093,7.205
38095,5.435
38097,6.416
38099,6.08
38101,8.032
38103,6.122
38105,7.674
39001,5.279
39003,6.716
39005,6.081
39007,5.875
39009,8.805
39011,6.363
39013,6.926
39015,5.103
39017,8.246
39019,5.14
39021,5.089
39023,6.489
39025,6.426
39027,5.144
39029,6.15
39031,5.454
39033,6.642
39035,11.642
39037,5.854
39039,5.908
39041,7.342
39043,8.975
39045,6.534
39047,5.476
39049,11.014
39051,6.032
39053,4.735
39055,5.805
39057,7.152
39059,5.588
39061,10.908
39063,6.984
39065,5.807
39067,5.49
39069,5.859
39071,5.153
39073,5.713
39075,5.141
39077,5.884
39079,5.349
39081,6.341
39083,5.804
39085,11.053
39087,6.141
39089,6.292
39091,5.716
39093,6.837
39095,11.179
39097,5.398
39099,6.759
39101,5.979
39103,6.77
39105,5.005
39107,6.111
39109,6.738
39111,5.17
39113,11.08
39115,4.248
39117,4.375
39119,6.128
39121,6.021
39123,6.011
39125,5.404
39127,5.28
39129,5.576
39131,4.98
39133,6.258
39135,5.234
39137,5.961
39139,6.345
39141,5.133
39143,6.555
39145,5.717
39147,6.465
39149,5.796
39151,7.538
39153,7.549
39155,6.231
39157,7.136
39159,5.542
39161,6.227
39163,4.216
39165,7.183
39167,6.078
39169,6.242
39171,6.008
39173,6.976
39175,5.495
40001,4.37
40003,6.478
40005,4.632
40007,5.281
40009,8.013
40011,5.532
40013,6.049
40015,6.031
40017,7.025
40019,7.425
40021,5.782
40023,5.749
40025,7.007
40027,8.666
40029,5.028
40031,7.152
40033,5.178
40035,6.129
40037,5.616
40039,7.883
40041,5.718
40043,5.93
40045,6.441
40047,7.758
40049,5.696
40051,5.824
40053,6.129
40055,5.1
40057,7.064
40059,6.105
40061,4.498
40063,6.178
40065,7.292
40067,6.117
40069,4.548
40071,7.242
40073,6.643
40075,5.491
40077,4.604
40079,5.483
40081,5.177
40083,5.159
40085,4.833
40087,6.467
40089,5.405
40091,4.681
40093,5.57
40095,5.298
40097,5.55
40099,6.951
40101,6.688
40103,6.256
40105,4.697
40107,5.101
40109,10.128
40111,6.086
40113,6.17
40115,6.653
40117,5.2
40119,7.506
40121,6.161
40123,6.621
40125,6.557
40127,4.986
40129,5.907
40131,5.662
40133,5.732
40135,5.804
40137,6.495
40139,6.896
40141,6.597
40143,10.678
40145,5.411
40147,6.962
40149,4.906
40151,7.705
40153,7.134
41001,9.073
41003,11.676
41005,11.077
41007,10.132
41009,8.464
41011,9.329
41013,8.113
41015,7.669
41017,9.524
41019,8.802
41021,6.043
41023,7.283
41025,7.412
41027,9.919
41029,10.809
41031,7.212
41033,8.646
41035,9.791
41037,6.083
41039,11.546
41041,10.076
41043,9.222
41045,9.424
41047,11.951
41049,7.006
41051,15.16
41053,9.907
41055,6.121
41057,7.938
41059,9.743
41061,10.636
41063,7.49
41065,9.647
41067,12.543
41069,5.813
41071,11.295
42001,7.219
42003,11.989
42005,6.602
42007,8.827
42009,5.707
42011,7.701
42013,8.018
42015,6.273
42017,9.595
42019,6.906
42021,7.618
42023,6.644
42025,6.685
42027,10.632
42029,8.717
42031,6.984
42033,6.681
42035,7.07
42037,7.031
42039,6.011
42041,9.595
42043,11.085
42045,13.022
42047,6.228
42049,10.867
42051,6.753
42053,5.732
42055,6.466
42057,4.891
42059,6.041
42061,6.036
42063,6.586
42065,6.564
42067,5.53
42069,8.211
42071,7.249
42073,7.068
42075,7.936
42077,12.045
42079,7.633
42081,7.342
42083,6.644
42085,6.649
42087,6.75
42089,7.074
42091,11.101
42093,6.637
42095,11.325
42097,7.472
42099,5.625
42101,14.874
42103,5.787
42105,5.785
42107,7.13
42109,6.492
42111,6.261
42113,6.029
42115,5.856
42117,6.082
42119,6.525
42121,6.224
42123,5.996
42125,7.094
42127,6.417
42129,7.689
42131,5.574
42133,8.831
44001,11.338
44003,11.492
44005,11.365
44007,13.223
44009,9.014
45001,4.847
45003,5.749
45005,5.586
45007,6.134
45009,5.293
45011,5.004
45013,6.706
45015,6.371
45017,4.612
45019,10.452
45021,5.161
45023,4.894
45025,5.09
45027,4.697
45029,4.956
45031,5.552
45033,4.825
45035,7.101
45037,5.034
45039,4.97
45041,6.306
45043,6.317
45045,8.635
45047,6.337
45049,5.396
45051,6.854
45053,5.694
45055,4.985
45057,5.945
45059,5.146
45061,4.401
45063,7.126
45065,4.629
45067,5.519
45069,5.278
45071,5.489
45073,5.909
45075,5.408
45077,6.955
45079,9.443
45081,4.421
45083,6.179
45085,6.156
45087,4.735
45089,4.663
45091,6.928
46003,5.902
46005,7.377
46007,5.858
46009,6.477
46011,7.105
46013,7.566
46015,7.021
46017,5.386
46019,7.062
46021,5.801
46023,6.417
46025,5.802
46027,6.948
46029,7.821
46031,3.977
46033,5.773
46035,8.008
46037,6.191
46039,6.138
46041,5.995
46043,6.156
46045,6.055
46047,6.506
46049,5.547
46051,5.794
46053,6.216
46055,6.407
46057,5.969
46059,5.933
46061,5.162
46063,6.5
46065,7.652
46067,6.673
46069,6.648
46071,4.623
46073,5.689
46075,7.167
46077,6.266
46079,6.601
46081,7.11
46083,7.485
46085,5.743
46087,5.753
46089,6.409
46091,5.932
46093,5.545
46095,3.917
46097,5.826
46099,10.959
46101,5.669
46102,3.819
46103,7.464
46105,6.527
46107,8.173
46109,5.796
46111,5.826
46115,5.537
46117,7.798
46119,6.472
46121,3.339
46123,5.75
46125,5.46
46127,7.134
46129,7.232
46135,7.076
46137,4.1
47001,5.52
47003,5.31
47005,4.915
47007,3.513
47009,5.749
47011,6.028
47013,4.981
47015,4.54
47017,5.188
47019,4.645
47021,5.184
47023,4.994
47025,5.116
47027,4.486
47029,4.888
47031,5.792
47033,4.862
47035,5.293
47037,10.282
47039,5.122
47041,4.721
47043,5.389
47045,5.18
47047,4.345
47049,4.549
47051,5.176
47053,5.653
47055,4.881
47057,4.123
47059,4.618
47061,4.659
47063,5.97
47065,7.771
47067,4.115
47069,3.661
47071,4.958
47073,4.887
47075,5.027
47077,4.574
47079,5.09
47081,4.474
47083,4.74
47085,5.02
47087,4.061
47089,5.742
47091,4.553
47093,8.495
47095,5.017
47097,4.057
47099,4.88
47101,5.493
47103,4.36
47105,5.936
47107,4.966
47109,4.622
47111,4.766
47113,6.331
47115,4.672
47117,5.386
47119,5.956
47121,4.602
47123,5.143
47125,6.018
47127,3.42
47129,3.308
47131,5.341
47133,4.361
47135,4.214
47137,5.105
47139,4.544
47141,5.963
47143,5.446
47145,5.155
47147,5.594
47149,6.529
47151,4.275
47153,5.262
47155,5.959
47157,10.352
47159,5.031
47161,4.492
47163,6.702
47165,5.85
47167,4.767
47169,5.315
47171,5.717
47173,4.328
47175,4.019
47177,5.305
47179,6.147
47181,4.295
47183,5.19
47185,4.366
47187,7.644
47189,5.912
48001,4.809
48003,8.388
48005,5.972
48007,7.374
48009,5.238
48011,5.489
48013,5.123
48015,5.685
48017,6.93
48019,5.158
48021,5.456
48023,7.0
48025,6.214
48027,6.921
48029,10.761
48031,6.063
48033,5.167
48035,5.967
48037,6.438
48039,6.741
48041,7.342
48043,7.934
48045,4.833
48047,6.296
48049,6.554
48051,5.563
48053,5.944
48055,5.52
48057,6.977
48059,5.625
48061,6.535
48063,5.2
48065,6.046
48067,4.636
48069,5.773
48071,6.039
48073,4.921
48075,7.133
48077,4.289
48079,5.898
48081,5.895
48083,6.436
48085,9.334
48087,6.645
48089,6.325
48091,6.631
48093,6.118
48095,5.129
48097,6.223
48099,5.787
48101,8.189
48103,8.657
48105,8.217
48107,7.079
48109,5.861
48111,7.936
48113,11.598
48115,7.642
48117,6.986
48119,4.082
48121,9.072
48123,6.348
48125,5.353
48127,7.588
48129,6.238
48131,5.621
48133,6.684
48135,7.395
48137,7.627
48139,6.068
48141,11.159
48143,6.775
48145,6.03
48147,5.182
48149,6.088
48151,5.182
48153,5.811
48155,6.333
48157,7.87
48159,4.86
48161,6.003
48163,5.536
48165,6.767
48167,7.789
48169,5.354
48171,6.391
48173,4.9
48175,4.393
48177,6.087
48179,7.318
48181,6.133
48183,7.611
48185,5.18
48187,5.928
48189,6.897
48191,6.891
48193,6.831
48195,7.953
48197,7.97
48199,5.4
48201,10.763
48203,5.467
48205,6.443
48207,7.261
48209,6.627
48211,6.99
48213,5.289
48215,6.566
48217,6.227
48219,6.293
48221,6.044
48223,5.547
48225,4.653
48227,6.936
48229,4.396
48231,5.791
48233,6.212
48235,5.388
48237,5.994
48239,5.883
48241,4.883
48243,4.8
48245,7.149
48247,5.387
48249,6.483
48251,5.803
48253,4.474
48255,5.971
48257,6.427
48259,7.107
48261,5.333
48263,6.167
48265,6.422
48267,6.503
48269,4.167
48271,5.289
48273,7.192
48275,6.452
48277,6.377
48279,6.495
48281,5.332
48283,7.307
48285,5.939
48287,4.95
48289,4.591
48291,4.903
48293,5.852
48295,5.095
48297,6.027
48299,6.422
48301,4.667
48303,8.021
48305,5.833
48307,6.967
48309,6.771
48311,5.833
48313,4.562
48315,4.225
48317,6.165
48319,5.96
48321,6.808
48323,6.695
48325,5.639
48327,5.752
48329,8.043
48331,5.734
48333,7.026
48335,5.88
48337,6.239
48339,6.784
48341,7.342
48343,4.777
48345,7.239
48347,5.843
48349,5.936
48351,2.899
48353,7.466
48355,11.317
48357,7.628
48359,6.228
48361,5.623
48363,6.53
48365,4.886
48367,5.766
48369,6.769
48371,7.027
48373,5.479
48375,11.075
48377,8.026
48379,3.904
48381,9.306
48383,9.292
48385,6.178
48387,4.711
48389,8.118
48391,7.914
48393,5.667
48395,5.017
48397,7.674
48399,6.628
48401,5.235
48403,4.251
48405,4.236
48407,3.335
48409,7.122
48411,7.389
48413,5.794
48415,7.216
48417,5.808
48419,4.796
48421,8.004
48423,6.812
48425,5.983
48427,5.29
48429,6.975
48431,6.667
48433,6.054
48435,5.376
48437,6.312
48439,9.185
48441,7.545
48443,4.667
48445,6.832
48447,5.136
48449,5.79
48451,7.304
48453,10.728
48455,4.933
48457,4.053
48459,4.489
48461,7.865
48463,7.428
48465,7.153
48467,4.713
48469,7.189
48471,5.334
48473,5.654
48475,8.492
48477,7.223
48479,7.748
48481,6.493
48483,7.131
48485,7.297
48487,7.427
48489,5.912
48491,7.735
48493,4.539
48495,8.0
48497,5.539
48499,5.096
48501,6.573
48503,6.49
48505,6.487
48507,6.528
49001,8.206
49003,8.749
49005,7.657
49007,6.944
49009,7.167
49011,11.019
49013,5.934
49015,6.051
49017,6.954
49019,7.681
49021,7.731
49023,7.253
49025,6.118
49027,6.123
49029,5.512
49031,5.559
49033,6.79
49035,13.041
49037,6.768
49039,6.545
49041,6.974
49043,7.277
49045,10.096
49047,6.506
49049,10.652
49051,7.939
49053,7.805
49055,6.569
49057,11.163
50001,8.196
50003,8.322
50005,7.204
50007,10.586
50009,6.149
50011,7.533
50013,6.188
50015,7.776
50017,6.36
50019,7.037
50021,9.127
50023,9.155
50025,8.298
50027,7.65
51001,5.331
51003,8.172
51005,6.818
51007,3.944
51009,5.878
51011,4.645
51013,14.171
51015,4.68
51017,4.105
51019,5.433
51021,4.079
51023,5.332
51025,4.769
51027,4.695
51029,4.316
51031,6.514
51033,4.735
51035,4.801
51036,4.298
51037,4.421
51041,6.979
51043,5.828
51045,4.791
51047,6.014
51049,4.338
51051,4.674
51053,4.625
51057,5.066
51059,11.967
51061,6.38
51063,5.575
51065,5.508
51067,4.985
51069,5.461
51071,5.36
51073,5.894
51075,5.118
51077,4.531
51079,5.769
51081,4.058
51083,4.851
51085,6.23
51087,9.328
51089,5.134
51091,4.924
51093,5.733
51095,6.939
51097,4.213
51099,5.4
51101,5.666
51103,6.04
51105,4.292
51107,7.92
51109,4.674
51111,5.227
51113,4.796
51115,5.347
51117,5.919
51119,5.879
51121,9.361
51125,5.154
51127,5.742
51131,6.411
51133,5.572
51135,5.666
51137,5.395
51139,5.198
51141,4.325
51143,4.107
51145,5.176
51147,5.801
51149,5.251
51153,8.819
51155,6.177
51157,5.37
51159,5.111
51161,7.243
51163,4.662
51165,5.159
51167,4.535
51169,4.242
51171,5.556
51173,5.144
51175,4.221
51177,6.281
51179,6.609
51181,3.165
51183,4.887
51185,5.659
51187,6.41
51191,5.166
51193,5.748
51195,5.83
51197,5.606
51199,6.566
51510,14.386
51520,8.44
51530,11.517
51540,14.398
51550,9.328
51570,8.589
51580,11.971
51590,7.605
51595,7.83
51600,15.703
51610,15.998
51620,6.817
51630,9.267
51640,8.326
51650,11.425
51660,14.858
51670,7.662
51678,14.34
51680,13.758
51683,13.082
51685,12.646
51690,7.075
51700,10.994
51710,13.119
51720,9.158
51730,7.687
51735,5.699
51740,11.979
51750,11.385
51760,13.615
51770,12.882
51775,10.323
51790,8.542
51800,6.237
51810,10.732
51820,8.074
51830,10.394
51840,9.585
53001,8.855
53003,6.401
53005,10.799
53007,10.033
53009,8.749
53011,10.479
53013,5.824
53015,8.389
53017,9.472
53019,5.074
53021,10.934
53023,5.47
53025,6.829
53027,9.797
53029,8.745
53031,9.609
53033,12.964
53035,9.321
53037,6.755
53039,5.204
53041,5.821
53043,7.263
53045,6.278
53047,5.812
53049,7.775
53051,4.357
53053,9.873
53055,6.711
53057,6.647
53059,6.389
53061,10.672
53063,11.072
53065,4.829
53067,9.362
53069,4.539
53071,8.643
53073,7.299
53075,6.858
53077,7.998
54001,4.85
54003,6.234
54005,5.385
54007,4.879
54009,6.026
54011,8.075
54013,4.421
54015,3.44
54017,4.999
54019,5.67
54021,3.635
54023,5.377
54025,5.92
54027,5.635
54029,6.436
54031,5.708
54033,7.288
54035,5.036
54037,6.211
54039,6.98
54041,5.481
54043,4.416
54045,5.201
54047,4.128
54049,6.754
54051,6.403
54053,4.62
54055,6.629
54057,6.423
54059,4.292
54061,7.413
54063,3.817
54065,5.292
54067,5.381
54069,7.781
54071,4.212
54073,6.329
54075,5.39
54077,5.148
54079,6.8
54081,6.696
54083,5.99
54085,4.814
54087,3.854
54089,5.195
54091,5.046
54093,5.839
54095,4.898
54097,6.463
54099,5.106
54101,4.893
54103,6.918
54105,4.145
54107,7.249
54109,5.367
55001,4.909
55003,7.256
55005,6.398
55007,6.334
55009,7.09
55011,5.246
55013,5.786
55015,6.644
55017,6.603
55019,5.065
55021,5.973
55023,6.718
55025,11.257
55027,6.423
55029,6.525
55031,10.703
55033,6.142
55035,7.646
55037,5.068
55039,6.927
55041,5.944
55043,6.253
55045,6.289
55047,6.008
55049,5.347
55051,6.174
55053,4.936
55055,6.648
55057,5.621
55059,7.829
55061,5.774
55063,11.174
55065,5.488
55067,5.56
55069,5.874
55071,6.492
55073,6.658
55075,6.158
55077,4.978
55078,5.499
55079,13.384
55081,6.359
55083,5.368
55085,6.48
55087,7.365
55089,7.522
55091,5.932
55093,6.129
55095,5.843
55097,6.807
55099,5.287
55101,10.007
55103,5.398
55105,10.151
55107,5.332
55109,6.831
55111,6.778
55113,6.015
55115,6.12
55117,7.38
55119,4.925
55121,5.841
55123,5.26
55125,6.718
55127,6.668
55129,5.941
55131,6.7
55133,8.443
55135,5.868
55137,5.058
55139,9.232
55141,6.867
56001,7.495
56003,7.319
56005,6.451
56007,6.885
56009,6.837
56011,5.268
56013,6.632
56015,6.199
56017,7.638
56019,6.861
56021,7.79
56023,6.064
56025,8.425
56027,6.963
56029,7.529
56031,7.41
56033,7.53
56035,6.601
56037,7.693
56039,7.277
56041,6.652
56043,7.43
56045,6.216
60010,1.0
60020,1.0
60030,
60040,1.0
60050,1.0
66010,1.0
69085,
69100,1.0
69110,1.0
69120,1.0
72001,3.225
72003,3.547
72005,4.194
72007,2.911
72009,3.338
72011,3.596
72013,4.023
72015,4.745
72017,4.19
72019,3.077
72021,5.603
72023,3.434
72025,5.012
72027,3.52
72029,4.392
72031,5.424
72033,6.26
72035,3.95
72037,4.343
72039,2.764
72041,3.327
72043,3.482
72045,3.049
72047,3.307
72049,2.605
72051,4.167
72053,4.531
72054,3.131
72055,3.907
72057,4.692
72059,3.581
72061,5.185
72063,4.012
72065,3.562
72067,4.09
72069,3.773
72071,3.643
72073,2.791
72075,3.745
72077,3.78
72079,3.27
72081,3.072
72083,2.475
72085,3.455
72087,4.915
72089,3.631
72091,4.252
72093,3.02
72095,3.759
72097,4.335
72099,3.168
72101,3.101
72103,3.101
72105,3.693
72107,2.805
72109,3.067
72111,3.767
72113,5.145
72115,3.598
72117,3.581
72119,4.256
72121,4.08
72123,4.666
72125,3.367
72127,6.084
72129,3.338
72131,3.371
72133,4.157
72135,4.318
72137,5.387
72139,4.638
72141,3.252
72143,3.925
72145,4.44
72147,3.604
72149,3.261
72151,3.386
72153,4.542
78010,4.281
78020,4.18
78030,4.668
