fips,rucc,is_metro
01001,2,1
01003,3,1
01005,6,0
01007,1,1
01009,1,1
01011,8,0
01013,6,0
01015,3,1
01017,6,0
01019,8,0
01021,1,1
01023,9,0
01025,9,0
01027,9,0
01029,8,0
01031,4,0
01033,3,1
01035,9,0
01037,8,0
01039,6,0
01041,8,0
01043,4,0
01045,4,0
01047,4,0
01049,6,0
01051,2,1
01053,6,0
01055,3,1
01057,8,0
01059,6,0
01061,3,1
01063,2,1
01065,2,1
01067,3,1
01069,3,1
01071,6,0
01073,1,1
01075,8,0
01077,3,1
01079,3,1
01081,3,1
01083,2,1
01085,2,1
01087,3,1
01089,2,1
01091,6,0
01093,9,0
01095,4,0
01097,2,1
01099,8,0
01101,2,1
01103,3,1
01105,8,0
01107,2,1
01109,6,0
01111,8,0
01113,2,1
01115,1,1
01117,1,1
01119,8,0
01121,4,0
01123,6,0
01125,2,1
01127,1,1
01129,8,0
01131,9,0
01133,8,0
02013,9,0
02016,9,0
02020,2,1
02050,7,0
02060,9,0
02063,9,0
02066,9,0
02068,9,0
02070,9,0
02090,3,1
02100,9,0
02105,9,0
02110,5,0
02122,7,0
02130,7,0
02150,7,0
02158,9,0
02164,9,0
02170,2,1
02180,9,0
02185,9,0
02188,9,0
02195,9,0
02198,9,0
02220,7,0
02230,9,0
02240,9,0
02275,9,0
02282,9,0
02290,8,0
04001,8,0
04003,3,1
04005,3,1
04007,4,0
04009,7,0
04011,9,0
04012,6,0
04013,1,1
04015,3,1
04017,4,0
04019,1,1
04021,1,1
04023,6,0
04025,3,1
04027,3,1
05001,6,0
05003,7,0
05005,7,0
05007,2,1
05009,7,0
05011,7,0
05013,9,0
05015,6,0
05017,9,0
05019,7,0
05021,9,0
05023,6,0
05025,8,0
05027,7,0
05029,6,0
05031,3,1
05033,3,1
05035,1,1
05037,6,0
05039,8,0
05041,9,0
05043,7,0
05045,2,1
05047,8,0
05049,9,0
05051,3,1
05053,2,1
05055,4,0
05057,6,0
05059,6,0
05061,8,0
05063,7,0
05065,9,0
05067,6,0
05069,4,0
05071,7,0
05073,8,0
05075,6,0
05077,8,0
05079,9,0
05081,3,1
05083,8,0
05085,2,1
05087,2,1
05089,9,0
05091,3,1
05093,4,0
05095,9,0
05097,8,0
05099,9,0
05101,9,0
05103,7,0
05105,2,1
05107,7,0
05109,9,0
05111,3,1
05113,7,0
05115,5,0
05117,8,0
05119,2,1
05121,7,0
05123,6,0
05125,2,1
05127,8,0
05129,9,0
05131,3,1
05133,6,0
05135,9,0
05137,9,0
05139,7,0
05141,8,0
05143,2,1
05145,4,0
05147,9,0
05149,9,0
06001,1,1
06003,8,0
06005,6,0
06007,3,1
06009,6,0
06011,6,0
06013,1,1
06015,7,0
06017,1,1
06019,1,1
06021,6,0
06023,5,0
06025,3,1
06027,6,0
06029,2,1
06031,3,1
06033,4,0
06035,7,0
06037,1,1
06039,1,1
06041,1,1
06043,8,0
06045,4,0
06047,2,1
06049,8,0
06051,7,0
06053,2,1
06055,3,1
06057,4,0
06059,1,1
06061,1,1
06063,9,0
06065,1,1
06067,1,1
06069,1,1
06071,1,1
06073,1,1
06075,1,1
06077,2,1
06079,2,1
06081,1,1
06083,2,1
06085,1,1
06087,2,1
06089,3,1
06091,8,0
06093,7,0
06095,2,1
06097,2,1
06099,2,1
06101,3,1
06103,4,0
06105,8,0
06107,2,1
06109,4,0
06111,2,1
06113,1,1
06115,3,1
08001,1,1
08003,7,0
08005,1,1
08007,7,0
08009,9,0
08011,9,0
08013,2,1
08014,1,1
08015,6,0
08017,9,0
08019,1,1
08021,9,0
08023,9,0
08025,8,0
08027,8,0
08029,6,0
08031,1,1
08033,9,0
08035,1,1
08037,5,0
08039,1,1
08041,2,1
08043,4,0
08045,5,0
08047,1,1
08049,9,0
08051,7,0
08053,9,0
08055,8,0
08057,9,0
08059,1,1
08061,9,0
08063,9,0
08065,9,0
08067,6,0
08069,2,1
08071,7,0
08073,8,0
08075,6,0
08077,3,1
08079,9,0
08081,7,0
08083,6,0
08085,5,0
08087,6,0
08089,6,0
08091,9,0
08093,1,1
08095,9,0
08097,7,0
08099,7,0
08101,3,1
08103,9,0
08105,9,0
08107,7,0
08109,9,0
08111,9,0
08113,9,0
08115,9,0
08117,5,0
08119,2,1
08121,9,0
08123,2,1
08125,9,0
09110,1,1
09120,2,1
09130,1,1
09140,2,1
09150,4,0
09160,4,0
09170,2,1
09180,2,1
09190,2,1
10001,3,1
10003,1,1
10005,4,0
11001,1,1
12001,2,1
12003,1,1
12005,3,1
12007,6,0
12009,2,1
12011,1,1
12013,8,0
12015,3,1
12017,3,1
12019,1,1
12021,2,1
12023,4,0
12027,6,0
12029,8,0
12031,1,1
12033,2,1
12035,2,1
12037,8,0
12039,2,1
12041,2,1
12043,8,0
12045,8,0
12047,8,0
12049,6,0
12051,4,0
12053,1,1
12055,3,1
12057,1,1
12059,8,0
12061,3,1
12063,6,0
12065,2,1
12067,9,0
12069,1,1
12071,2,1
12073,2,1
12075,2,1
12077,8,0
12079,8,0
12081,2,1
12083,2,1
12085,2,1
12086,1,1
12087,4,0
12089,1,1
12091,2,1
12093,4,0
12095,1,1
12097,1,1
12099,1,1
12101,1,1
12103,1,1
12105,2,1
12107,4,0
12109,1,1
12111,2,1
12113,2,1
12115,2,1
12117,1,1
12119,3,1
12121,6,0
12123,6,0
12125,8,0
12127,2,1
12129,2,1
12131,2,1
12133,3,1
13001,7,0
13003,9,0
13005,9,0
13007,8,0
13009,4,0
13011,8,0
13013,1,1
13015,1,1
13017,7,0
13019,8,0
13021,3,1
13023,6,0
13025,3,1
13027,3,1
13029,2,1
13031,4,0
13033,2,1
13035,1,1
13037,8,0
13039,4,0
13043,9,0
13045,1,1
13047,2,1
13049,8,0
13051,2,1
13053,2,1
13055,6,0
13057,1,1
13059,3,1
13061,9,0
13063,1,1
13065,8,0
13067,1,1
13069,7,0
13071,6,0
13073,2,1
13075,6,0
13077,1,1
13079,3,1
13081,6,0
13083,2,1
13085,1,1
13087,6,0
13089,1,1
13091,7,0
13093,8,0
13095,3,1
13097,1,1
13099,8,0
13101,3,1
13103,2,1
13105,6,0
13107,7,0
13109,8,0
13111,8,0
13113,1,1
13115,3,1
13117,1,1
13119,8,0
13121,1,1
13123,6,0
13125,9,0
13127,3,1
13129,4,0
13131,6,0
13133,8,0
13135,1,1
13137,6,0
13139,3,1
13141,9,0
13143,1,1
13145,2,1
13147,6,0
13149,1,1
13151,1,1
13153,3,1
13155,9,0
13157,4,0
13159,1,1
13161,9,0
13163,8,0
13165,9,0
13167,9,0
13169,3,1
13171,6,0
13173,3,1
13175,4,0
13177,3,1
13179,3,1
13181,2,1
13183,3,1
13185,3,1
13187,1,1
13189,2,1
13191,3,1
13193,8,0
13195,3,1
13197,2,1
13199,1,1
13201,9,0
13205,6,0
13207,3,1
13209,9,0
13211,1,1
13213,3,1
13215,2,1
13217,1,1
13219,3,1
13221,3,1
13223,1,1
13225,3,1
13227,1,1
13229,8,0
13231,1,1
13233,4,0
13235,8,0
13237,8,0
13239,8,0
13241,9,0
13243,8,0
13245,2,1
13247,1,1
13249,8,0
13251,8,0
13253,8,0
13255,1,1
13257,7,0
13259,2,1
13261,6,0
13263,2,1
13265,8,0
13267,8,0
13269,8,0
13271,9,0
13273,3,1
13275,4,0
13277,5,0
13279,7,0
13281,9,0
13283,9,0
13285,4,0
13287,9,0
13289,3,1
13291,8,0
13293,6,0
13295,2,1
13297,1,1
13299,5,0
13301,8,0
13303,7,0
13305,6,0
13307,8,0
13309,9,0
13311,8,0
13313,3,1
13315,9,0
13317,8,0
13319,8,0
13321,3,1
15001,5,0
15003,1,1
15005,3,1
15007,5,0
15009,3,1
16001,2,1
16003,9,0
16005,3,1
16007,9,0
16009,8,0
16011,6,0
16013,7,0
16015,2,1
16017,6,0
16019,3,1
16021,9,0
16023,3,1
16025,9,0
16027,2,1
16029,8,0
16031,6,0
16033,8,0
16035,8,0
16037,8,0
16039,6,0
16041,3,1
16043,8,0
16045,2,1
16047,8,0
16049,8,0
16051,3,1
16053,3,1
16055,3,1
16057,4,0
16059,9,0
16061,8,0
16063,8,0
16065,4,0
16067,7,0
16069,3,1
16071,8,0
16073,2,1
16075,6,0
16077,8,0
16079,8,0
16081,9,0
16083,3,1
16085,9,0
16087,6,0
17001,5,0
17003,3,1
17005,1,1
17007,2,1
17009,9,0
17011,7,0
17013,1,1
17015,9,0
17017,6,0
17019,3,1
17021,6,0
17023,8,0
17025,9,0
17027,1,1
17029,5,0
17031,1,1
17033,6,0
17035,9,0
17037,1,1
17039,6,0
17041,8,0
17043,1,1
17045,6,0
17047,9,0
17049,7,0
17051,6,0
17053,3,1
17055,7,0
17057,6,0
17059,8,0
17061,8,0
17063,1,1
17065,9,0
17067,9,0
17069,9,0
17071,9,0
17073,2,1
17075,8,0
17077,5,0
17079,9,0
17081,7,0
17083,1,1
17085,8,0
17087,8,0
17089,1,1
17091,3,1
17093,1,1
17095,4,0
17097,1,1
17099,4,0
17101,9,0
17103,6,0
17105,6,0
17107,6,0
17109,7,0
17111,1,1
17113,3,1
17115,3,1
17117,1,1
17119,1,1
17121,7,0
17123,2,1
17125,8,0
17127,3,1
17129,3,1
17131,2,1
17133,1,1
17135,6,0
17137,4,0
17139,8,0
17141,6,0
17143,2,1
17145,7,0
17147,3,1
17149,9,0
17151,8,0
17153,8,0
17155,8,0
17157,6,0
17159,7,0
17161,2,1
17163,1,1
17165,7,0
17167,3,1
17169,9,0
17171,9,0
17173,8,0
17175,2,1
17177,4,0
17179,2,1
17181,6,0
17183,4,0
17185,7,0
17187,6,0
17189,8,0
17191,9,0
17193,6,0
17195,4,0
17197,1,1
17199,5,0
17201,2,1
17203,2,1
18001,6,0
18003,2,1
18005,3,1
18007,3,1
18009,6,0
18011,1,1
18013,1,1
18015,3,1
18017,4,0
18019,1,1
18021,3,1
18023,6,0
18025,8,0
18027,7,0
18029,1,1
18031,6,0
18033,4,0
18035,3,1
18037,5,0
18039,3,1
18041,6,0
18043,1,1
18045,8,0
18047,1,1
18049,7,0
18051,6,0
18053,4,0
18055,6,0
18057,1,1
18059,1,1
18061,1,1
18063,1,1
18065,6,0
18067,3,1
18069,6,0
18071,4,0
18073,1,1
18075,6,0
18077,6,0
18079,6,0
18081,1,1
18083,7,0
18085,4,0
18087,8,0
18089,1,1
18091,3,1
18093,6,0
18095,1,1
18097,1,1
18099,6,0
18101,9,0
18103,6,0
18105,3,1
18107,6,0
18109,1,1
18111,1,1
18113,6,0
18115,1,1
18117,8,0
18119,3,1
18121,8,0
18123,7,0
18125,8,0
18127,1,1
18129,2,1
18131,8,0
18133,6,0
18135,6,0
18137,6,0
18139,6,0
18141,2,1
18143,6,0
18145,1,1
18147,8,0
18149,8,0
18151,7,0
18153,3,1
18155,8,0
18157,3,1
18159,1,1
18161,8,0
18163,2,1
18165,3,1
18167,3,1
18169,6,0
18171,3,1
18173,2,1
18175,1,1
18177,5,0
18179,2,1
18181,6,0
18183,2,1
19001,8,0
19003,9,0
19005,8,0
19007,7,0
19009,9,0
19011,2,1
19013,3,1
19015,3,1
19017,3,1
19019,6,0
19021,7,0
19023,8,0
19025,9,0
19027,7,0
19029,6,0
19031,8,0
19033,5,0
19035,9,0
19037,8,0
19039,6,0
19041,7,0
19043,8,0
19045,4,0
19047,7,0
19049,2,1
19051,9,0
19053,9,0
19055,8,0
19057,5,0
19059,7,0
19061,3,1
19063,7,0
19065,6,0
19067,7,0
19069,9,0
19071,8,0
19073,8,0
19075,3,1
19077,2,1
19079,6,0
19081,9,0
19083,6,0
19085,2,1
19087,6,0
19089,8,0
19091,7,0
19093,8,0
19095,8,0
19097,6,0
19099,2,1
19101,7,0
19103,3,1
19105,2,1
19107,8,0
19109,7,0
19111,7,0
19113,2,1
19115,8,0
19117,8,0
19119,8,0
19121,2,1
19123,7,0
19125,6,0
19127,4,0
19129,2,1
19131,9,0
19133,8,0
19135,9,0
19137,6,0
19139,4,0
19141,7,0
19143,9,0
19145,6,0
19147,9,0
19149,6,0
19151,9,0
19153,2,1
19155,2,1
19157,6,0
19159,9,0
19161,9,0
19163,2,1
19165,8,0
19167,6,0
19169,3,1
19171,6,0
19173,9,0
19175,6,0
19177,9,0
19179,5,0
19181,2,1
19183,3,1
19185,9,0
19187,5,0
19189,9,0
19191,7,0
19193,3,1
19195,9,0
19197,9,0
20001,7,0
20003,8,0
20005,6,0
20007,9,0
20009,7,0
20011,6,0
20013,8,0
20015,2,1
20017,8,0
20019,9,0
20021,3,1
20023,9,0
20025,9,0
20027,8,0
20029,7,0
20031,8,0
20033,9,0
20035,4,0
20037,4,0
20039,9,0
20041,6,0
20043,3,1
20045,3,1
20047,9,0
20049,8,0
20051,5,0
20053,9,0
20055,5,0
20057,5,0
20059,6,0
20061,3,1
20063,9,0
20065,9,0
20067,7,0
20069,9,0
20071,9,0
20073,8,0
20075,9,0
20077,8,0
20079,2,1
20081,9,0
20083,9,0
20085,3,1
20087,3,1
20089,9,0
20091,1,1
20093,9,0
20095,8,0
20097,9,0
20099,7,0
20101,9,0
20103,1,1
20105,9,0
20107,1,1
20109,9,0
20111,4,0
20113,7,0
20115,8,0
20117,8,0
20119,9,0
20121,1,1
20123,9,0
20125,7,0
20127,8,0
20129,9,0
20131,9,0
20133,7,0
20135,9,0
20137,9,0
20139,3,1
20141,9,0
20143,9,0
20145,9,0
20147,9,0
20149,3,1
20151,7,0
20153,9,0
20155,4,0
20157,9,0
20159,9,0
20161,3,1
20163,9,0
20165,9,0
20167,9,0
20169,5,0
20171,9,0
20173,2,1
20175,7,0
20177,3,1
20179,9,0
20181,9,0
20183,9,0
20185,9,0
20187,9,0
20189,9,0
20191,2,1
20193,7,0
20195,9,0
20197,3,1
20199,9,0
20201,9,0
20203,9,0
20205,9,0
20207,9,0
20209,1,1
21001,7,0
21003,3,1
21005,6,0
21007,3,1
21009,6,0
21011,8,0
21013,7,0
21015,1,1
21017,2,1
21019,2,1
21021,7,0
21023,1,1
21025,9,0
21027,8,0
21029,1,1
21031,3,1
21033,7,0
21035,7,0
21037,1,1
21039,3,1
21041,6,0
21043,2,1
21045,9,0
21047,2,1
21049,2,1
21051,9,0
21053,9,0
21055,8,0
21057,9,0
21059,3,1
21061,3,1
21063,8,0
21065,8,0
21067,2,1
21069,9,0
21071,7,0
21073,4,0
21075,9,0
21077,1,1
21079,8,0
21081,1,1
21083,6,0
21085,6,0
21087,8,0
21089,2,1
21091,8,0
21093,3,1
21095,7,0
21097,6,0
21099,8,0
21101,4,0
21103,1,1
21105,8,0
21107,5,0
21109,9,0
21111,1,1
21113,2,1
21115,7,0
21117,1,1
21119,9,0
21121,7,0
21123,3,1
21125,5,0
21127,2,1
21129,9,0
21131,9,0
21133,9,0
21135,8,0
21137,9,0
21139,3,1
21141,6,0
21143,8,0
21145,3,1
21147,9,0
21149,3,1
21151,4,0
21153,9,0
21155,6,0
21157,8,0
21159,8,0
21161,6,0
21163,1,1
21165,9,0
21167,6,0
21169,9,0
21171,8,0
21173,6,0
21175,9,0
21177,6,0
21179,1,1
21181,8,0
21183,6,0
21185,1,1
21187,8,0
21189,9,0
21191,1,1
21193,7,0
21195,7,0
21197,8,0
21199,5,0
21201,8,0
21203,9,0
21205,6,0
21207,9,0
21209,2,1
21211,1,1
21213,6,0
21215,1,1
21217,7,0
21219,8,0
21221,2,1
21223,8,0
21225,8,0
21227,3,1
21229,8,0
21231,7,0
21233,9,0
21235,7,0
21237,9,0
21239,2,1
22001,2,1
22003,6,0
22005,2,1
22007,2,1
22009,6,0
22011,6,0
22013,8,0
22015,2,1
22017,2,1
22019,2,1
22021,8,0
22023,2,1
22025,9,0
22027,9,0
22029,6,0
22031,2,1
22033,2,1
22035,8,0
22037,2,1
22039,6,0
22041,6,0
22043,3,1
22045,4,0
22047,2,1
22049,6,0
22051,1,1
22053,2,1
22055,2,1
22057,3,1
22059,8,0
22061,4,0
22063,2,1
22065,6,0
22067,3,1
22069,6,0
22071,1,1
22073,3,1
22075,1,1
22077,2,1
22079,3,1
22081,8,0
22083,3,1
22085,8,0
22087,1,1
22089,1,1
22091,2,1
22093,1,1
22095,1,1
22097,4,0
22099,2,1
22101,4,0
22103,2,1
22105,3,1
22107,9,0
22109,3,1
22111,3,1
22113,2,1
22115,4,0
22117,6,0
22119,6,0
22121,2,1
22123,8,0
22125,2,1
22127,8,0
23001,3,1
23003,7,0
23005,2,1
23007,8,0
23009,8,0
23011,4,0
23013,7,0
23015,8,0
23017,6,0
23019,3,1
23021,8,0
23023,2,1
23025,6,0
23027,8,0
23029,9,0
23031,2,1
24001,4,0
24003,1,1
24005,1,1
24009,3,1
24011,6,0
24013,1,1
24015,1,1
24017,1,1
24019,6,0
24021,1,1
24023,8,0
24025,1,1
24027,1,1
24029,6,0
24031,1,1
24033,1,1
24035,1,1
24037,3,1
24039,3,1
24041,6,0
24043,2,1
24045,3,1
24047,4,0
24510,1,1
25001,3,1
25003,3,1
25005,1,1
25007,7,0
25009,1,1
25011,4,0
25013,2,1
25015,3,1
25017,1,1
25019,7,0
25021,1,1
25023,1,1
25025,1,1
25027,2,1
26001,9,0
26003,9,0
26005,4,0
26007,7,0
26009,8,0
26011,8,0
26013,9,0
26015,1,1
26017,3,1
26019,3,1
26021,3,1
26023,6,0
26025,3,1
26027,2,1
26029,7,0
26031,7,0
26033,7,0
26035,8,0
26037,2,1
26039,9,0
26041,5,0
26043,7,0
26045,2,1
26047,7,0
26049,2,1
26051,8,0
26053,7,0
26055,3,1
26057,6,0
26059,6,0
26061,5,0
26063,9,0
26065,2,1
26067,1,1
26069,7,0
26071,9,0
26073,4,0
26075,3,1
26077,2,1
26079,3,1
26081,1,1
26083,9,0
26085,9,0
26087,1,1
26089,3,1
26091,4,0
26093,1,1
26095,9,0
26097,9,0
26099,1,1
26101,6,0
26103,5,0
26105,7,0
26107,6,0
26109,7,0
26111,3,1
26113,8,0
26115,3,1
26117,1,1
26119,9,0
26121,3,1
26123,6,0
26125,1,1
26127,8,0
26129,9,0
26131,9,0
26133,9,0
26135,9,0
26137,7,0
26139,1,1
26141,9,0
26143,7,0
26145,3,1
26147,1,1
26149,4,0
26151,8,0
26153,9,0
26155,4,0
26157,6,0
26159,6,0
26161,2,1
26163,1,1
26165,6,0
27001,8,0
27003,1,1
27005,6,0
27007,7,0
27009,3,1
27011,9,0
27013,3,1
27015,6,0
27017,2,1
27019,1,1
27021,9,0
27023,7,0
27025,1,1
27027,3,1
27029,8,0
27031,9,0
27033,9,0
27035,4,0
27037,1,1
27039,3,1
27041,6,0
27043,8,0
27045,3,1
27047,7,0
27049,6,0
27051,9,0
27053,1,1
27055,3,1
27057,9,0
27059,1,1
27061,6,0
27063,9,0
27065,8,0
27067,4,0
27069,9,0
27071,7,0
27073,9,0
27075,8,0
27077,9,0
27079,1,1
27081,9,0
27083,7,0
27085,4,0
27087,8,0
27089,8,0
27091,6,0
27093,6,0
27095,1,1
27097,6,0
27099,4,0
27101,9,0
27103,3,1
27105,7,0
27107,8,0
27109,3,1
27111,6,0
27113,6,0
27115,8,0
27117,8,0
27119,3,1
27121,8,0
27123,1,1
27125,8,0
27127,9,0
27129,9,0
27131,4,0
27133,2,1
27135,9,0
27137,2,1
27139,1,1
27141,1,1
27143,8,0
27145,3,1
27147,5,0
27149,7,0
27151,9,0
27153,8,0
27155,9,0
27157,3,1
27159,9,0
27161,6,0
27163,1,1
27165,8,0
27167,8,0
27169,4,0
27171,1,1
27173,9,0
28001,7,0
28003,7,0
28005,8,0
28007,6,0
28009,1,1
28011,7,0
28013,9,0
28015,8,0
28017,9,0
28019,9,0
28021,8,0
28023,9,0
28025,7,0
28027,6,0
28029,2,1
28031,8,0
28033,1,1
28035,3,1
28037,9,0
28039,8,0
28041,8,0
28043,7,0
28045,2,1
28047,2,1
28049,2,1
28051,2,1
28053,8,0
28055,9,0
28057,9,0
28059,2,1
28061,8,0
28063,9,0
28065,8,0
28067,4,0
28069,9,0
28071,4,0
28073,3,1
28075,5,0
28077,8,0
28079,8,0
28081,5,0
28083,6,0
28085,6,0
28087,5,0
28089,2,1
28091,6,0
28093,1,1
28095,7,0
28097,9,0
28099,7,0
28101,8,0
28103,9,0
28105,5,0
28107,6,0
28109,6,0
28111,3,1
28113,6,0
28115,9,0
28117,7,0
28119,8,0
28121,2,1
28123,2,1
28125,8,0
28127,2,1
28129,8,0
28131,2,1
28133,7,0
28135,9,0
28137,1,1
28139,8,0
28141,8,0
28143,1,1
28145,7,0
28147,9,0
28149,4,0
28151,5,0
28153,9,0
28155,9,0
28157,8,0
28159,9,0
28161,9,0
28163,2,1
29001,7,0
29003,3,1
29005,9,0
29007,6,0
29009,6,0
29011,8,0
29013,1,1
29015,9,0
29017,3,1
29019,3,1
29021,3,1
29023,5,0
29025,1,1
29027,3,1
29029,7,0
29031,3,1
29033,8,0
29035,9,0
29037,1,1
29039,8,0
29041,8,0
29043,2,1
29045,9,0
29047,1,1
29049,1,1
29051,3,1
29053,3,1
29055,8,0
29057,8,0
29059,2,1
29061,8,0
29063,3,1
29065,9,0
29067,8,0
29069,7,0
29071,1,1
29073,8,0
29075,8,0
29077,2,1
29079,7,0
29081,9,0
29083,6,0
29085,8,0
29087,8,0
29089,3,1
29091,7,0
29093,9,0
29095,1,1
29097,3,1
29099,1,1
29101,4,0
29103,9,0
29105,6,0
29107,1,1
29109,6,0
29111,9,0
29113,1,1
29115,9,0
29117,7,0
29119,8,0
29121,7,0
29123,9,0
29125,8,0
29127,7,0
29129,9,0
29131,6,0
29133,8,0
29135,3,1
29137,9,0
29139,8,0
29141,8,0
29143,9,0
29145,3,1
29147,6,0
29149,9,0
29151,3,1
29153,9,0
29155,7,0
29157,6,0
29159,5,0
29161,5,0
29163,8,0
29165,1,1
29167,2,1
29169,5,0
29171,9,0
29173,9,0
29175,6,0
29177,1,1
29179,9,0
29181,9,0
29183,1,1
29185,8,0
29186,8,0
29187,4,0
29189,1,1
29195,7,0
29197,9,0
29199,9,0
29201,4,0
29203,9,0
29205,9,0
29207,6,0
29209,6,0
29211,9,0
29213,4,0
29215,9,0
29217,6,0
29219,1,1
29221,8,0
29223,9,0
29225,2,1
29227,9,0
29229,8,0
29510,1,1
30001,9,0
30003,8,0
30005,9,0
30007,3,1
30009,3,1
30011,9,0
30013,3,1
30015,8,0
30017,7,0
30019,9,0
30021,7,0
30023,7,0
30025,9,0
30027,7,0
30029,5,0
30031,3,1
30033,9,0
30035,9,0
30037,8,0
30039,8,0
30041,7,0
30043,3,1
30045,8,0
30047,6,0
30049,3,1
30051,9,0
30053,9,0
30055,9,0
30057,8,0
30059,8,0
30061,3,1
30063,3,1
30065,8,0
30067,6,0
30069,9,0
30071,9,0
30073,9,0
30075,9,0
30077,8,0
30079,9,0
30081,6,0
30083,7,0
30085,9,0
30087,8,0
30089,8,0
30091,9,0
30093,5,0
30095,3,1
30097,8,0
30099,8,0
30101,9,0
30103,8,0
30105,9,0
30107,9,0
30109,9,0
30111,3,1
31001,4,0
31003,9,0
31005,9,0
31007,8,0
31009,9,0
31011,9,0
31013,7,0
31015,9,0
31017,9,0
31019,4,0
31021,8,0
31023,8,0
31025,2,1
31027,9,0
31029,9,0
31031,9,0
31033,7,0
31035,9,0
31037,7,0
31039,9,0
31041,9,0
31043,3,1
31045,9,0
31047,7,0
31049,9,0
31051,8,0
31053,4,0
31055,2,1
31057,9,0
31059,8,0
31061,9,0
31063,9,0
31065,9,0
31067,6,0
31069,9,0
31071,9,0
31073,9,0
31075,9,0
31077,8,0
31079,3,1
31081,8,0
31083,9,0
31085,9,0
31087,9,0
31089,9,0
31091,9,0
31093,3,1
31095,9,0
31097,8,0
31099,9,0
31101,9,0
31103,9,0
31105,8,0
31107,9,0
31109,2,1
31111,5,0
31113,9,0
31115,9,0
31117,9,0
31119,5,0
31121,3,1
31123,9,0
31125,8,0
31127,9,0
31129,9,0
31131,6,0
31133,9,0
31135,9,0
31137,7,0
31139,9,0
31141,5,0
31143,8,0
31145,7,0
31147,9,0
31149,9,0
31151,6,0
31153,2,1
31155,2,1
31157,5,0
31159,2,1
31161,9,0
31163,8,0
31165,9,0
31167,9,0
31169,9,0
31171,9,0
31173,8,0
31175,9,0
31177,2,1
31179,7,0
31181,9,0
31183,9,0
31185,6,0
32001,6,0
32003,1,1
32005,4,0
32007,5,0
32009,9,0
32011,9,0
32013,7,0
32015,9,0
32017,8,0
32019,2,1
32021,8,0
32023,4,0
32027,8,0
32029,2,1
32031,2,1
32033,9,0
32510,3,1
33001,4,0
33003,6,0
33005,4,0
33007,7,0
33009,5,0
33011,2,1
33013,4,0
33015,1,1
33017,1,1
33019,7,0
34001,2,1
34003,1,1
34005,1,1
34007,1,1
34009,2,1
34011,3,1
34013,1,1
34015,1,1
34017,1,1
34019,1,1
34021,2,1
34023,1,1
34025,1,1
34027,1,1
34029,1,1
34031,1,1
34033,1,1
34035,1,1
34037,1,1
34039,1,1
34041,2,1
35001,2,1
35003,9,0
35005,5,0
35006,6,0
35007,7,0
35009,5,0
35011,9,0
35013,3,1
35015,5,0
35017,7,0
35019,9,0
35021,9,0
35023,9,0
35025,5,0
35027,7,0
35028,6,0
35029,6,0
35031,5,0
35033,8,0
35035,4,0
35037,7,0
35039,6,0
35041,7,0
35043,2,1
35045,3,1
35047,6,0
35049,3,1
35051,6,0
35053,6,0
35055,7,0
35057,2,1
35059,9,0
35061,2,1
36001,2,1
36003,7,0
36005,1,1
36007,3,1
36009,4,0
36011,4,0
36013,4,0
36015,3,1
36017,6,0
36019,4,0
36021,6,0
36023,4,0
36025,8,0
36027,2,1
36029,1,1
36031,6,0
36033,7,0
36035,4,0
36037,4,0
36039,6,0
36041,8,0
36043,2,1
36045,3,1
36047,1,1
36049,8,0
36051,1,1
36053,2,1
36055,1,1
36057,4,0
36059,1,1
36061,1,1
36063,1,1
36065,2,1
36067,2,1
36069,1,1
36071,2,1
36073,1,1
36075,2,1
36077,7,0
36079,1,1
36081,1,1
36083,2,1
36085,1,1
36087,1,1
36089,4,0
36091,2,1
36093,2,1
36095,2,1
36097,8,0
36099,6,0
36101,4,0
36103,1,1
36105,6,0
36107,3,1
36109,3,1
36111,3,1
36113,3,1
36115,3,1
36117,1,1
36119,1,1
36121,8,0
36123,6,0
37001,3,1
37003,2,1
37005,9,0
37007,1,1
37009,9,0
37011,9,0
37013,6,0
37015,9,0
37017,8,0
37019,2,1
37021,2,1
37023,2,1
37025,1,1
37027,2,1
37029,1,1
37031,4,0
37033,8,0
37035,2,1
37037,2,1
37039,9,0
37041,8,0
37043,9,0
37045,4,0
37047,6,0
37049,4,0
37051,2,1
37053,1,1
37055,4,0
37057,2,1
37059,2,1
37061,8,0
37063,2,1
37065,3,1
37067,2,1
37069,1,1
37071,1,1
37073,1,1
37075,9,0
37077,6,0
37079,8,0
37081,2,1
37083,4,0
37085,4,0
37087,4,0
37089,2,1
37091,8,0
37093,2,1
37095,9,0
37097,1,1
37099,7,0
37101,1,1
37103,8,0
37105,4,0
37107,4,0
37109,1,1
37111,6,0
37113,7,0
37115,2,1
37117,6,0
37119,1,1
37121,8,0
37123,8,0
37125,3,1
37127,3,1
37129,2,1
37131,9,0
37133,3,1
37135,2,1
37137,9,0
37139,4,0
37141,2,1
37143,8,0
37145,2,1
37147,3,1
37149,8,0
37151,2,1
37153,4,0
37155,4,0
37157,2,1
37159,1,1
37161,4,0
37163,6,0
37165,6,0
37167,6,0
37169,2,1
37171,6,0
37173,9,0
37175,6,0
37177,9,0
37179,1,1
37181,6,0
37183,1,1
37185,8,0
37187,9,0
37189,5,0
37191,3,1
37193,6,0
37195,4,0
37197,2,1
37199,8,0
38001,9,0
38003,6,0
38005,9,0
38007,9,0
38009,8,0
38011,9,0
38013,8,0
38015,3,1
38017,3,1
38019,9,0
38021,9,0
38023,9,0
38025,9,0
38027,9,0
38029,8,0
38031,9,0
38033,9,0
38035,3,1
38037,8,0
38039,9,0
38041,9,0
38043,8,0
38045,9,0
38047,9,0
38049,3,1
38051,9,0
38053,7,0
38055,8,0
38057,8,0
38059,3,1
38061,8,0
38063,8,0
38065,3,1
38067,9,0
38069,9,0
38071,7,0
38073,8,0
38075,3,1
38077,6,0
38079,9,0
38081,9,0
38083,8,0
38085,9,0
38087,9,0
38089,5,0
38091,8,0
38093,7,0
38095,9,0
38097,8,0
38099,8,0
38101,3,1
38103,9,0
38105,5,0
39001,8,0
39003,3,1
39005,6,0
39007,1,1
39009,4,0
39011,4,0
39013,3,1
39015,1,1
39017,1,1
39019,2,1
39021,6,0
39023,3,1
39025,1,1
39027,6,0
39029,4,0
39031,7,0
39033,4,0
39035,1,1
39037,6,0
39039,6,0
39041,1,1
39043,3,1
39045,1,1
39047,6,0
39049,1,1
39051,2,1
39053,6,0
39055,1,1
39057,2,1
39059,6,0
39061,1,1
39063,4,0
39065,6,0
39067,8,0
39069,6,0
39071,6,0
39073,1,1
39075,9,0
39077,4,0
39079,7,0
39081,3,1
39083,6,0
39085,1,1
39087,2,1
39089,1,1
39091,4,0
39093,1,1
39095,2,1
39097,1,1
39099,2,1
39101,4,0
39103,1,1
39105,8,0
39107,7,0
39109,2,1
39111,8,0
39113,2,1
39115,8,0
39117,1,1
39119,4,0
39121,9,0
39123,3,1
39125,8,0
39127,1,1
39129,1,1
39131,9,0
39133,2,1
39135,6,0
39137,6,0
39139,3,1
39141,4,0
39143,4,0
39145,4,0
39147,4,0
39149,4,0
39151,2,1
39153,2,1
39155,2,1
39157,4,0
39159,1,1
39161,6,0
39163,8,0
39165,1,1
39167,4,0
39169,4,0
39171,7,0
39173,2,1
39175,7,0
40001,8,0
40003,8,0
40005,9,0
40007,9,0
40009,7,0
40011,8,0
40013,6,0
40015,6,0
40017,1,1
40019,5,0
40021,6,0
40023,9,0
40025,9,0
40027,1,1
40029,9,0
40031,3,1
40033,3,1
40035,6,0
40037,1,1
40039,5,0
40041,6,0
40043,9,0
40045,9,0
40047,3,1
40049,6,0
40051,1,1
40053,8,0
40055,9,0
40057,9,0
40059,9,0
40061,8,0
40063,9,0
40065,7,0
40067,8,0
40069,9,0
40071,4,0
40073,8,0
40075,8,0
40077,9,0
40079,6,0
40081,1,1
40083,1,1
40085,9,0
40087,1,1
40089,7,0
40091,8,0
40093,8,0
40095,9,0
40097,6,0
40099,9,0
40101,4,0
40103,8,0
40105,8,0
40107,8,0
40109,1,1
40111,1,1
40113,1,1
40115,6,0
40117,1,1
40119,4,0
40121,7,0
40123,7,0
40125,4,0
40127,9,0
40129,9,0
40131,1,1
40133,7,0
40135,3,1
40137,4,0
40139,7,0
40141,8,0
40143,1,1
40145,1,1
40147,4,0
40149,9,0
40151,7,0
40153,7,0
41001,7,0
41003,3,1
41005,1,1
41007,4,0
41009,1,1
41011,5,0
41013,3,1
41015,7,0
41017,3,1
41019,4,0
41021,9,0
41023,9,0
41025,9,0
41027,6,0
41029,3,1
41031,3,1
41033,3,1
41035,5,0
41037,9,0
41039,2,1
41041,5,0
41043,3,1
41045,6,0
41047,2,1
41049,8,0
41051,1,1
41053,2,1
41055,9,0
41057,7,0
41059,4,0
41061,7,0
41063,9,0
41065,7,0
41067,1,1
41069,9,0
41071,1,1
42001,3,1
42003,1,1
42005,1,1
42007,1,1
42009,8,0
42011,2,1
42013,3,1
42015,6,0
42017,1,1
42019,1,1
42021,3,1
42023,9,0
42025,2,1
42027,3,1
42029,1,1
42031,6,0
42033,4,0
42035,6,0
42037,4,0
42039,4,0
42041,2,1
42043,2,1
42045,1,1
42047,7,0
42049,2,1
42051,1,1
42053,9,0
42055,3,1
42057,8,0
42059,6,0
42061,6,0
42063,4,0
42065,7,0
42067,8,0
42069,2,1
42071,2,1
42073,1,1
42075,3,1
42077,2,1
42079,2,1
42081,3,1
42083,7,0
42085,4,0
42087,4,0
42089,4,0
42091,1,1
42093,6,0
42095,2,1
42097,4,0
42099,2,1
42101,1,1
42103,6,0
42105,9,0
42107,4,0
42109,7,0
42111,6,0
42113,8,0
42115,8,0
42117,8,0
42119,6,0
42121,4,0
42123,6,0
42125,1,1
42127,6,0
42129,1,1
42131,2,1
42133,2,1
44001,1,1
44003,1,1
44005,1,1
44007,1,1
44009,1,1
45001,6,0
45003,2,1
45005,8,0
45007,2,1
45009,9,0
45011,8,0
45013,3,1
45015,2,1
45017,2,1
45019,2,1
45021,6,0
45023,1,1
45025,6,0
45027,8,0
45029,6,0
45031,3,1
45033,6,0
45035,2,1
45037,2,1
45039,2,1
45041,3,1
45043,4,0
45045,2,1
45047,4,0
45049,8,0
45051,2,1
45053,3,1
45055,2,1
45057,1,1
45059,2,1
45061,8,0
45063,2,1
45065,8,0
45067,6,0
45069,6,0
45071,6,0
45073,4,0
45075,4,0
45077,2,1
45079,2,1
45081,2,1
45083,2,1
45085,3,1
45087,2,1
45089,6,0
45091,1,1
46003,9,0
46005,7,0
46007,9,0
46009,9,0
46011,5,0
46013,5,0
46015,9,0
46017,9,0
46019,7,0
46021,9,0
46023,9,0
46025,9,0
46027,6,0
46029,5,0
46031,9,0
46033,3,1
46035,7,0
46037,9,0
46039,9,0
46041,9,0
46043,9,0
46045,9,0
46047,9,0
46049,9,0
46051,9,0
46053,9,0
46055,9,0
46057,9,0
46059,9,0
46061,8,0
46063,9,0
46065,7,0
46067,8,0
46069,9,0
46071,9,0
46073,9,0
46075,9,0
46077,9,0
46079,6,0
46081,6,0
46083,2,1
46085,9,0
46087,2,1
46089,9,0
46091,9,0
46093,3,1
46095,9,0
46097,8,0
46099,2,1
46101,8,0
46102,9,0
46103,3,1
46105,9,0
46107,9,0
46109,9,0
46111,9,0
46115,9,0
46117,9,0
46119,9,0
46121,9,0
46123,9,0
46125,2,1
46127,3,1
46129,9,0
46135,7,0
46137,9,0
47001,2,1
47003,4,0
47005,9,0
47007,8,0
47009,2,1
47011,3,1
47013,2,1
47015,1,1
47017,6,0
47019,3,1
47021,1,1
47023,3,1
47025,6,0
47027,8,0
47029,6,0
47031,4,0
47033,3,1
47035,4,0
47037,1,1
47039,9,0
47041,8,0
47043,1,1
47045,6,0
47047,1,1
47049,8,0
47051,7,0
47053,3,1
47055,6,0
47057,2,1
47059,4,0
47061,8,0
47063,3,1
47065,2,1
47067,8,0
47069,6,0
47071,6,0
47073,2,1
47075,6,0
47077,6,0
47079,7,0
47081,1,1
47083,8,0
47085,8,0
47087,8,0
47089,3,1
47091,8,0
47093,2,1
47095,9,0
47097,6,0
47099,6,0
47101,8,0
47103,6,0
47105,2,1
47107,4,0
47109,8,0
47111,1,1
47113,3,1
47115,2,1
47117,6,0
47119,1,1
47121,8,0
47123,6,0
47125,2,1
47127,9,0
47129,2,1
47131,7,0
47133,9,0
47135,9,0
47137,9,0
47139,3,1
47141,4,0
47143,6,0
47145,2,1
47147,1,1
47149,1,1
47151,8,0
47153,2,1
47155,4,0
47157,1,1
47159,1,1
47161,2,1
47163,2,1
47165,1,1
47167,1,1
47169,1,1
47171,3,1
47173,2,1
47175,9,0
47177,6,0
47179,3,1
47181,8,0
47183,6,0
47185,7,0
47187,1,1
47189,1,1
48001,7,0
48003,6,0
48005,5,0
48007,2,1
48009,3,1
48011,2,1
48013,1,1
48015,1,1
48017,6,0
48019,1,1
48021,1,1
48023,9,0
48025,6,0
48027,2,1
48029,1,1
48031,8,0
48033,9,0
48035,2,1
48037,3,1
48039,1,1
48041,2,1
48043,7,0
48045,8,0
48047,9,0
48049,5,0
48051,2,1
48053,6,0
48055,1,1
48057,6,0
48059,3,1
48061,2,1
48063,8,0
48065,2,1
48067,6,0
48069,9,0
48071,1,1
48073,6,0
48075,9,0
48077,3,1
48079,2,1
48081,8,0
48083,8,0
48085,1,1
48087,9,0
48089,8,0
48091,1,1
48093,9,0
48095,8,0
48097,6,0
48099,2,1
48101,9,0
48103,8,0
48105,8,0
48107,2,1
48109,9,0
48111,7,0
48113,1,1
48115,6,0
48117,6,0
48119,8,0
48121,1,1
48123,6,0
48125,8,0
48127,7,0
48129,8,0
48131,9,0
48133,8,0
48135,3,1
48137,9,0
48139,1,1
48141,2,1
48143,5,0
48145,2,1
48147,6,0
48149,6,0
48151,8,0
48153,8,0
48155,9,0
48157,1,1
48159,9,0
48161,9,0
48163,6,0
48165,6,0
48167,1,1
48169,2,1
48171,7,0
48173,8,0
48175,3,1
48177,6,0
48179,6,0
48181,3,1
48183,2,1
48185,6,0
48187,1,1
48189,4,0
48191,9,0
48193,8,0
48195,9,0
48197,9,0
48199,2,1
48201,1,1
48203,2,1
48205,9,0
48207,8,0
48209,1,1
48211,9,0
48213,4,0
48215,2,1
48217,6,0
48219,2,1
48221,4,0
48223,6,0
48225,7,0
48227,4,0
48229,2,1
48231,1,1
48233,6,0
48235,3,1
48237,8,0
48239,6,0
48241,6,0
48243,9,0
48245,2,1
48247,8,0
48249,6,0
48251,1,1
48253,3,1
48255,8,0
48257,1,1
48259,1,1
48261,9,0
48263,9,0
48265,4,0
48267,9,0
48269,9,0
48271,9,0
48273,4,0
48275,9,0
48277,5,0
48279,6,0
48281,2,1
48283,8,0
48285,8,0
48287,8,0
48289,8,0
48291,1,1
48293,6,0
48295,9,0
48297,8,0
48299,7,0
48301,9,0
48303,2,1
48305,2,1
48307,9,0
48309,2,1
48311,8,0
48313,8,0
48315,8,0
48317,3,1
48319,9,0
48321,6,0
48323,3,1
48325,1,1
48327,9,0
48329,3,1
48331,6,0
48333,9,0
48335,7,0
48337,6,0
48339,1,1
48341,7,0
48343,8,0
48345,8,0
48347,5,0
48349,4,0
48351,8,0
48353,6,0
48355,2,1
48357,7,0
48359,2,1
48361,2,1
48363,6,0
48365,6,0
48367,1,1
48369,9,0
48371,7,0
48373,6,0
48375,2,1
48377,9,0
48379,8,0
48381,2,1
48383,8,0
48385,9,0
48387,8,0
48389,7,0
48391,8,0
48393,9,0
48395,2,1
48397,1,1
48399,8,0
48401,2,1
48403,9,0
48405,9,0
48407,1,1
48409,2,1
48411,9,0
48413,8,0
48415,7,0
48417,8,0
48419,7,0
48421,9,0
48423,3,1
48425,8,0
48427,4,0
48429,7,0
48431,8,0
48433,9,0
48435,9,0
48437,8,0
48439,1,1
48441,3,1
48443,9,0
48445,6,0
48447,9,0
48449,7,0
48451,3,1
48453,1,1
48455,8,0
48457,8,0
48459,2,1
48461,8,0
48463,6,0
48465,5,0
48467,8,0
48469,3,1
48471,4,0
48473,1,1
48475,6,0
48477,6,0
48479,2,1
48481,4,0
48483,9,0
48485,3,1
48487,6,0
48489,6,0
48491,1,1
48493,1,1
48495,6,0
48497,1,1
48499,6,0
48501,9,0
48503,7,0
48505,6,0
48507,7,0
49001,9,0
49003,4,0
49005,3,1
49007,7,0
49009,9,0
49011,2,1
49013,7,0
49015,9,0
49017,9,0
49019,7,0
49021,4,0
49023,2,1
49025,8,0
49027,9,0
49029,2,1
49031,9,0
49033,8,0
49035,1,1
49037,9,0
49039,6,0
49041,7,0
49043,4,0
49045,1,1
49047,7,0
49049,2,1
49051,4,0
49053,3,1
49055,9,0
49057,2,1
50001,6,0
50003,6,0
50005,9,0
50007,3,1
50009,9,0
50011,3,1
50013,3,1
50015,8,0
50017,9,0
50019,9,0
50021,7,0
50023,4,0
50025,7,0
50027,7,0
51001,9,0
51003,3,1
51005,6,0
51007,1,1
51009,2,1
51011,2,1
51013,1,1
51015,3,1
51017,9,0
51019,2,1
51021,8,0
51023,2,1
51025,8,0
51027,9,0
51029,8,0
51031,2,1
51033,8,0
51035,6,0
51036,1,1
51037,8,0
51041,1,1
51043,1,1
51045,2,1
51047,1,1
51049,8,0
51051,9,0
51053,1,1
51057,8,0
51059,1,1
51061,1,1
51063,3,1
51065,3,1
51067,2,1
51069,3,1
51071,3,1
51073,1,1
51075,1,1
51077,9,0
51079,3,1
51081,6,0
51083,6,0
51085,1,1
51087,1,1
51089,4,0
51091,8,0
51093,1,1
51095,1,1
51097,1,1
51099,8,0
51101,1,1
51103,9,0
51105,8,0
51107,1,1
51109,8,0
51111,9,0
51113,8,0
51115,1,1
51117,7,0
51119,8,0
51121,3,1
51125,3,1
51127,1,1
51131,8,0
51133,9,0
51135,8,0
51137,6,0
51139,8,0
51141,8,0
51143,4,0
51145,1,1
51147,6,0
51149,1,1
51153,1,1
51155,3,1
51157,1,1
51159,9,0
51161,2,1
51163,6,0
51165,3,1
51167,8,0
51169,2,1
51171,6,0
51173,7,0
51175,6,0
51177,1,1
51179,1,1
51181,1,1
51183,1,1
51185,7,0
51187,1,1
51191,2,1
51193,8,0
51195,7,0
51197,6,0
51199,1,1
51510,1,1
51520,2,1
51530,6,0
51540,3,1
51550,1,1
51570,1,1
51580,6,0
51590,4,0
51595,6,0
51600,1,1
51610,1,1
51620,6,0
51630,1,1
51640,6,0
51650,1,1
51660,3,1
51670,1,1
51678,6,0
51680,2,1
51683,1,1
51685,1,1
51690,4,0
51700,1,1
51710,1,1
51720,7,0
51730,1,1
51735,1,1
51740,1,1
51750,3,1
51760,1,1
51770,2,1
51775,2,1
51790,3,1
51800,1,1
51810,1,1
51820,3,1
51830,1,1
51840,3,1
53001,6,0
53003,3,1
53005,2,1
53007,3,1
53009,5,0
53011,1,1
53013,8,0
53015,3,1
53017,3,1
53019,8,0
53021,2,1
53023,8,0
53025,5,0
53027,4,0
53029,4,0
53031,6,0
53033,1,1
53035,2,1
53037,4,0
53039,9,0
53041,4,0
53043,8,0
53045,4,0
53047,6,0
53049,7,0
53051,8,0
53053,1,1
53055,9,0
53057,3,1
53059,1,1
53061,1,1
53063,2,1
53065,2,1
53067,2,1
53069,8,0
53071,3,1
53073,3,1
53075,4,0
53077,2,1
54001,9,0
54003,2,1
54005,3,1
54007,8,0
54009,3,1
54011,2,1
54013,8,0
54015,3,1
54017,9,0
54019,3,1
54021,9,0
54023,9,0
54025,6,0
54027,3,1
54029,3,1
54031,8,0
54033,5,0
54035,8,0
54037,1,1
54039,3,1
54041,9,0
54043,8,0
54045,6,0
54047,9,0
54049,4,0
54051,3,1
54053,6,0
54055,4,0
54057,7,0
54059,8,0
54061,3,1
54063,8,0
54065,2,1
54067,8,0
54069,3,1
54071,8,0
54073,8,0
54075,9,0
54077,3,1
54079,2,1
54081,3,1
54083,7,0
54085,8,0
54087,8,0
54089,8,0
54091,6,0
54093,9,0
54095,9,0
54097,7,0
54099,2,1
54101,9,0
54103,7,0
54105,3,1
54107,3,1
54109,8,0
55001,8,0
55003,7,0
55005,6,0
55007,8,0
55009,2,1
55011,8,0
55013,8,0
55015,3,1
55017,3,1
55019,8,0
55021,2,1
55023,6,0
55025,2,1
55027,4,0
55029,6,0
55031,2,1
55033,6,0
55035,3,1
55037,9,0
55039,3,1
55041,9,0
55043,6,0
55045,2,1
55047,6,0
55049,2,1
55051,9,0
55053,8,0
55055,4,0
55057,8,0
55059,3,1
55061,2,1
55063,3,1
55065,8,0
55067,6,0
55069,6,0
55071,4,0
55073,3,1
55075,6,0
55077,8,0
55078,9,0
55079,1,1
55081,4,0
55083,2,1
55085,7,0
55087,3,1
55089,1,1
55091,8,0
55093,1,1
55095,8,0
55097,4,0
55099,9,0
55101,3,1
55103,8,0
55105,3,1
55107,8,0
55109,1,1
55111,4,0
55113,9,0
55115,6,0
55117,3,1
55119,8,0
55121,8,0
55123,3,1
55125,9,0
55127,4,0
55129,8,0
55131,1,1
55133,1,1
55135,6,0
55137,8,0
55139,3,1
55141,4,0
56001,4,0
56003,9,0
56005,5,0
56007,7,0
56009,6,0
56011,9,0
56013,7,0
56015,7,0
56017,9,0
56019,9,0
56021,3,1
56023,9,0
56025,3,1
56027,9,0
56029,7,0
56031,8,0
56033,7,0
56035,9,0
56037,5,0
56039,7,0
56041,7,0
56043,9,0
56045,9,0
60010,7,0
60020,9,0
60050,5,0
66010,5,0
69085,9,0
69100,9,0
69110,5,0
69120,9,0
72001,6,0
72003,2,1
72005,2,1
72007,1,1
72009,1,1
72011,2,1
72013,3,1
72015,3,1
72017,1,1
72019,1,1
72021,1,1
72023,3,1
72025,1,1
72027,3,1
72029,1,1
72031,1,1
72033,1,1
72035,1,1
72037,1,1
72039,1,1
72041,1,1
72043,4,0
72045,1,1
72047,1,1
72049,9,0
72051,1,1
72053,1,1
72054,1,1
72055,6,0
72057,3,1
72059,2,1
72061,1,1
72063,1,1
72065,3,1
72067,3,1
72069,1,1
72071,2,1
72073,6,0
72075,2,1
72077,1,1
72079,3,1
72081,4,0
72083,8,0
72085,1,1
72087,1,1
72089,1,1
72091,1,1
72093,8,0
72095,1,1
72097,3,1
72099,2,1
72101,1,1
72103,1,1
72105,1,1
72107,1,1
72109,3,1
72111,2,1
72113,2,1
72115,3,1
72117,2,1
72119,1,1
72121,3,1
72123,4,0
72125,3,1
72127,1,1
72129,1,1
72131,2,1
72133,6,0
72135,1,1
72137,1,1
72139,1,1
72141,6,0
72143,1,1
72145,1,1
72147,6,0
72149,2,1
72151,1,1
72153,2,1
78010,5,0
78020,9,0
78030,5,0
