fips,race_count
01001,1
01003,11
01007,3
01009,7
01011,1
01015,17
01017,1
01019,22
01021,3
01027,1
01029,1
01031,1
01033,1
01035,2
01037,1
01041,1
01043,2
01049,2
01051,2
01055,3
01059,1
01071,6
01073,46
01077,2
01079,3
01081,5
01083,6
01089,49
01095,1
01097,22
01099,1
01101,21
01103,3
01107,2
01111,1
01115,1
01117,9
01121,1
01125,6
01127,2
02020,26
02063,5
02066,1
02090,8
02100,1
02122,4
02130,9
02170,7
02275,1
04001,1
04003,3
04005,18
04007,2
04013,65
04015,5
04017,2
04019,32
04021,3
04023,1
04025,3
05001,1
05003,1
05005,5
05007,17
05009,3
05011,1
05015,5
05019,5
05023,5
05027,4
05031,10
05033,1
05035,1
05037,2
05045,14
05049,1
05051,4
05053,6
05057,3
05059,1
05061,1
05063,8
05065,2
05071,2
05081,1
05083,4
05087,6
05091,3
05097,2
05101,1
05105,3
05107,2
05113,5
05115,7
05119,44
05121,1
05125,2
05127,1
05131,31
05139,3
05143,7
05145,2
06001,36
06005,1
06007,8
06013,15
06017,11
06019,63
06023,3
06025,1
06027,3
06029,31
06031,4
06035,2
06037,265
06039,7
06041,8
06043,1
06045,9
06047,3
06051,1
06053,8
06055,4
06057,6
06059,62
06061,9
06063,1
06065,26
06067,45
06069,3
06071,10
06073,72
06075,39
06077,7
06079,5
06081,16
06083,8
06085,30
06087,6
06089,8
06091,1
06095,11
06097,8
06099,9
06101,2
06107,17
06109,3
06111,18
08001,31
08003,3
08005,61
08007,2
08013,34
08014,9
08015,11
08019,4
08027,1
08031,29
08033,1
08035,17
08041,52
08043,2
08045,5
08049,4
08051,3
08057,1
08059,21
08067,8
08069,48
08077,6
08081,2
08091,1
08093,6
08097,5
08101,8
08103,1
08107,9
08113,2
08117,1
08119,1
08123,5
09001,64
09003,52
09005,76
09007,18
09009,52
09011,30
09013,14
09015,11
10001,8
10003,61
10005,42
11001,1
12001,24
12005,36
12007,1
12009,56
12011,75
12015,27
12017,7
12021,41
12023,1
12031,32
12033,23
12035,13
12037,1
12039,1
12043,4
12049,1
12055,3
12057,67
12061,9
12063,2
12069,51
12071,32
12073,22
12075,2
12081,41
12083,34
12085,21
12086,71
12087,19
12089,2
12091,5
12093,1
12095,67
12097,5
12099,59
12101,29
12103,68
12105,19
12107,1
12109,5
12111,25
12113,4
12115,36
12117,18
12119,1
12127,48
12131,2
13009,1
13011,2
13013,7
13015,16
13019,1
13021,6
13025,2
13027,8
13029,3
13031,1
13033,2
13035,3
13039,5
13045,17
13047,6
13051,35
13057,36
13059,35
13063,13
13067,32
13071,1
13073,3
13075,1
13077,3
13079,8
13081,3
13083,1
13085,4
13089,43
13093,2
13095,2
13097,2
13103,2
13105,1
13107,1
13111,6
13113,7
13115,5
13117,23
13119,2
13121,38
13123,6
13127,13
13131,1
13133,8
13135,40
13137,5
13139,8
13143,2
13145,3
13147,2
13149,1
13151,2
13153,5
13157,2
13159,1
13167,1
13171,3
13179,2
13187,6
13191,1
13195,1
13197,1
13211,2
13213,1
13215,34
13221,1
13223,1
13237,4
13241,2
13245,29
13261,2
13277,2
13281,2
13293,1
13297,2
13305,1
13313,2
15001,13
15003,24
15009,5
16001,44
16003,1
16005,1
16011,5
16017,6
16019,7
16025,1
16027,2
16031,1
16037,1
16039,4
16043,3
16045,1
16047,2
16049,2
16053,3
16055,8
16057,1
16059,1
16069,2
16079,3
16081,1
16083,1
16085,1
17001,1
17005,3
17007,17
17011,7
17015,3
17017,4
17019,15
17021,4
17023,1
17025,1
17027,3
17029,6
17031,176
17033,2
17035,1
17037,6
17039,4
17041,1
17043,44
17047,1
17051,1
17055,7
17057,4
17059,1
17063,9
17067,1
17073,2
17075,2
17077,7
17081,1
17085,6
17087,3
17089,12
17091,5
17093,7
17097,24
17099,14
17101,1
17103,7
17105,5
17107,3
17109,1
17111,5
17113,24
17115,9
17117,2
17119,16
17121,2
17127,1
17131,1
17137,5
17141,6
17143,6
17147,4
17149,2
17155,1
17159,2
17161,3
17163,7
17167,19
17173,2
17177,6
17179,7
17183,7
17193,1
17197,24
17199,9
17201,4
17203,2
18001,1
18003,53
18005,24
18007,2
18009,2
18011,15
18013,4
18015,3
18017,3
18019,8
18021,4
18023,2
18025,1
18027,1
18029,16
18031,11
18033,5
18035,10
18037,5
18039,20
18045,1
18047,4
18049,4
18051,8
18053,1
18055,14
18057,26
18059,11
18061,1
18063,9
18065,1
18067,4
18069,4
18071,4
18073,2
18077,10
18079,1
18081,11
18083,3
18085,10
18087,2
18089,27
18091,8
18093,6
18095,6
18097,55
18099,3
18103,1
18105,8
18109,2
18113,4
18115,1
18117,1
18121,4
18123,3
18127,23
18129,3
18131,1
18137,1
18141,10
18145,6
18149,1
18151,5
18157,5
18161,3
18163,17
18165,1
18167,13
18173,5
18177,1
19001,3
19003,1
19005,7
19007,1
19009,1
19011,4
19013,12
19015,3
19017,1
19021,3
19031,2
19033,5
19035,1
19037,1
19043,2
19045,2
19049,7
19055,4
19061,3
19065,1
19071,1
19073,2
19075,1
19081,1
19085,1
19087,1
19089,3
19093,2
19099,2
19101,1
19103,8
19111,1
19113,4
19115,1
19119,1
19121,1
19123,2
19127,1
19129,2
19153,44
19155,2
19163,17
19167,1
19169,3
19181,2
19183,1
19193,3
20005,3
20015,3
20017,2
20021,4
20027,1
20035,1
20043,1
20045,12
20051,2
20055,1
20057,2
20065,1
20067,1
20079,2
20081,1
20085,2
20089,1
20091,47
20099,1
20103,5
20105,1
20113,1
20121,1
20125,2
20151,1
20155,5
20159,1
20161,4
20173,37
20177,12
20191,2
20209,4
21001,2
21003,1
21009,4
21011,3
21015,7
21017,18
21021,10
21023,1
21025,1
21027,4
21029,5
21031,30
21033,1
21035,6
21037,3
21039,1
21041,1
21043,2
21045,1
21047,3
21049,8
21051,2
21053,1
21059,13
21061,1
21065,1
21067,11
21069,2
21073,11
21077,1
21079,3
21081,2
21087,4
21093,22
21099,1
21101,2
21103,1
21107,5
21111,47
21113,14
21117,4
21119,1
21121,3
21133,1
21139,1
21145,3
21147,1
21151,19
21155,3
21157,1
21163,2
21165,1
21167,1
21179,1
21185,2
21195,4
21197,3
21199,13
21203,4
21207,1
21211,2
21227,3
21231,1
21233,1
22001,3
22005,4
22007,4
22009,2
22013,3
22015,28
22017,26
22019,12
22021,1
22023,1
22033,13
22035,1
22041,2
22045,7
22049,4
22051,8
22053,1
22055,17
22057,1
22063,3
22067,1
22069,2
22071,20
22073,17
22075,1
22077,1
22079,1
22083,1
22085,1
22089,2
22093,1
22097,1
22101,2
22103,12
22105,2
22109,2
22111,1
22115,1
23001,6
23003,3
23005,42
23007,2
23009,2
23011,10
23015,2
23017,4
23019,9
23021,1
23023,3
23027,1
23029,6
23031,34
24001,3
24003,19
24005,40
24009,11
24011,2
24013,25
24015,6
24017,8
24019,2
24021,36
24023,2
24025,35
24027,24
24029,3
24031,62
24033,23
24035,4
24037,4
24039,2
24041,5
24043,17
24045,7
24047,5
24510,26
25001,20
25003,2
25005,23
25007,4
25009,61
25011,8
25013,32
25015,5
25017,62
25019,6
25021,41
25023,14
25025,24
25027,31
26001,1
26003,2
26005,43
26007,5
26009,8
26011,1
26015,2
26017,9
26019,13
26021,23
26023,5
26025,18
26027,2
26029,4
26031,2
26033,6
26035,7
26037,39
26039,5
26041,3
26043,7
26045,8
26047,1
26049,52
26051,1
26055,13
26057,5
26059,5
26061,7
26063,12
26065,49
26067,8
26069,2
26073,6
26075,18
26077,20
26079,1
26081,72
26083,1
26085,5
26087,9
26089,6
26091,16
26093,44
26097,8
26099,34
26101,5
26103,18
26105,5
26107,7
26109,3
26111,6
26113,3
26115,6
26117,2
26121,19
26123,2
26125,75
26127,4
26137,2
26139,14
26141,1
26145,6
26147,16
26151,3
26155,13
26159,2
26161,31
26163,49
27001,1
27003,4
27005,5
27007,2
27015,1
27017,3
27019,2
27021,1
27023,1
27025,2
27027,2
27031,1
27033,1
27035,1
27037,8
27039,2
27041,3
27045,3
27047,3
27049,2
27053,36
27059,1
27061,3
27065,2
27067,8
27075,2
27091,1
27093,2
27109,16
27111,3
27115,1
27123,19
27129,1
27131,2
27133,2
27135,2
27137,22
27139,1
27145,12
27157,1
27163,10
27169,4
27171,6
28003,2
28009,2
28011,1
28015,1
28025,1
28029,2
28031,13
28033,5
28035,1
28037,1
28039,1
28045,10
28047,8
28049,4
28057,2
28059,3
28065,1
28069,2
28081,3
28087,1
28089,5
28095,2
28107,2
28121,3
28149,1
28151,2
29001,2
29003,2
29005,1
29007,1
29009,4
29011,1
29013,1
29015,4
29017,1
29019,18
29021,5
29023,1
29025,2
29027,4
29029,8
29031,7
29037,6
29043,14
29047,15
29051,1
29053,1
29055,2
29059,2
29065,1
29067,1
29069,1
29071,6
29073,1
29077,29
29089,1
29095,74
29097,7
29099,4
29101,4
29113,2
29119,2
29133,2
29135,1
29137,1
29163,1
29165,11
29167,1
29169,1
29179,1
29183,13
29189,44
29203,1
29209,13
29213,1
29221,1
29223,1
29510,27
30001,2
30003,8
30005,2
30007,1
30009,10
30013,2
30015,1
30021,1
30023,3
30027,2
30029,15
30031,24
30033,1
30035,1
30043,1
30045,1
30047,2
30049,10
30053,2
30055,1
30057,1
30061,3
30063,23
30067,6
30073,1
30081,1
30089,4
30105,1
30107,1
30111,10
31007,1
31019,1
31025,4
31027,1
31031,1
31041,1
31055,35
31067,7
31083,3
31109,17
31119,2
31131,1
31133,1
31139,1
31153,7
31155,1
32003,53
32005,6
32017,1
32019,1
32029,1
32031,7
33001,3
33003,3
33005,18
33007,1
33009,7
33011,24
33013,15
33015,27
33017,2
33019,2
34001,43
34003,43
34005,32
34007,98
34009,32
34011,16
34013,38
34015,25
34017,20
34019,17
34021,26
34023,32
34025,51
34027,39
34029,20
34031,13
34033,5
34035,37
34037,14
34039,30
34041,5
35001,33
35005,2
35006,2
35007,2
35013,12
35015,1
35019,1
35027,1
35031,6
35035,4
35045,5
35047,1
35049,5
35055,2
35061,2
36001,10
36003,9
36005,17
36007,28
36009,6
36011,20
36013,19
36015,10
36017,3
36019,8
36021,3
36023,1
36025,2
36027,28
36029,40
36031,10
36033,2
36035,5
36037,7
36039,1
36043,22
36045,12
36047,28
36049,3
36051,13
36053,11
36055,75
36057,2
36059,20
36061,63
36063,4
36065,14
36067,43
36069,19
36071,19
36073,1
36075,2
36077,1
36079,3
36081,34
36083,2
36085,6
36087,17
36089,4
36091,9
36097,6
36099,6
36101,3
36103,41
36105,6
36107,1
36109,7
36111,13
36113,8
36115,3
36117,5
36119,32
36121,1
36123,3
37001,14
37003,32
37005,1
37007,2
37009,1
37011,1
37013,13
37015,1
37017,3
37019,16
37021,15
37023,11
37025,36
37027,1
37029,3
37031,15
37033,2
37035,8
37037,49
37039,1
37041,4
37043,5
37045,4
37047,3
37049,14
37051,11
37053,18
37055,25
37057,17
37059,1
37061,3
37063,20
37065,8
37067,41
37069,6
37071,7
37075,1
37079,4
37081,34
37085,8
37089,2
37093,2
37095,2
37097,11
37099,3
37101,9
37103,3
37111,3
37113,3
37115,1
37119,37
37125,6
37127,2
37129,42
37133,19
37135,6
37141,2
37145,1
37147,9
37149,6
37151,6
37153,4
37155,2
37157,2
37159,8
37161,6
37165,1
37167,5
37169,1
37171,2
37175,1
37179,4
37181,2
37183,59
37189,11
37191,3
37193,3
37195,3
37197,1
37199,1
38007,3
38015,1
38017,3
38019,1
38025,1
38035,2
38037,1
38053,1
38055,2
38059,3
38093,1
38099,1
38101,4
38105,1
39003,11
39005,10
39007,23
39009,4
39011,7
39013,3
39015,3
39017,33
39019,3
39021,11
39023,29
39025,9
39027,12
39029,16
39031,8
39033,1
39035,159
39037,21
39039,15
39041,84
39043,17
39045,28
39047,2
39049,73
39051,12
39055,25
39057,39
39059,5
39061,41
39063,12
39065,2
39067,1
39069,1
39073,1
39075,4
39079,4
39081,6
39083,2
39085,13
39087,1
39089,10
39091,4
39093,26
39095,64
39099,20
39103,14
39107,7
39109,28
39111,3
39113,35
39117,2
39119,7
39121,1
39123,11
39127,1
39129,1
39133,13
39135,1
39137,2
39139,2
39143,3
39147,3
39149,3
39151,48
39153,37
39155,4
39157,5
39159,1
39161,1
39165,12
39167,8
39169,3
39171,2
39173,12
39175,1
40001,2
40005,1
40011,3
40013,3
40015,1
40017,3
40021,11
40027,21
40031,2
40035,1
40037,20
40039,1
40041,4
40047,1
40049,1
40051,1
40059,2
40069,1
40077,1
40079,1
40081,1
40083,4
40087,1
40091,3
40095,1
40097,3
40101,9
40103,8
40105,1
40109,46
40111,2
40113,2
40119,1
40121,1
40123,2
40125,3
40131,13
40133,2
40135,2
40143,34
40145,3
40147,4
41003,3
41005,28
41009,1
41011,8
41013,5
41017,12
41019,3
41027,2
41029,10
41035,2
41039,8
41041,4
41043,6
41047,22
41051,10
41053,4
41057,2
41059,4
41065,5
41067,14
41069,1
41071,5
42001,23
42003,83
42005,8
42007,22
42009,8
42011,27
42013,9
42015,9
42017,38
42019,12
42021,7
42023,2
42025,6
42027,10
42029,68
42031,3
42033,3
42035,3
42037,15
42039,11
42041,22
42043,31
42045,17
42047,2
42049,19
42051,10
42053,2
42055,7
42057,1
42059,4
42061,1
42063,14
42065,1
42067,2
42069,34
42071,40
42073,4
42075,7
42077,36
42079,14
42081,19
42083,4
42085,9
42087,1
42089,4
42091,47
42093,3
42095,12
42097,7
42099,6
42101,59
42103,7
42105,1
42107,7
42111,10
42115,7
42117,6
42119,4
42123,3
42125,9
42127,4
42129,11
42131,1
42133,33
44001,8
44003,8
44005,9
44007,25
44009,16
45001,4
45003,13
45007,26
45013,29
45015,12
45019,18
45021,2
45023,3
45025,2
45027,1
45029,1
45031,13
45041,1
45043,3
45045,70
45049,1
45051,33
45055,1
45057,1
45059,6
45063,8
45071,2
45073,4
45075,1
45077,9
45079,9
45083,15
45089,1
45091,17
46009,1
46011,1
46013,5
46019,1
46027,1
46035,1
46065,1
46081,1
46083,5
46093,2
46095,1
46099,12
46135,1
47001,8
47003,8
47005,1
47007,4
47009,22
47011,8
47013,4
47015,7
47017,12
47019,9
47021,5
47025,2
47031,2
47035,3
47037,42
47041,1
47043,2
47045,4
47047,2
47049,3
47051,2
47053,2
47055,6
47057,1
47059,2
47063,3
47065,22
47073,2
47075,1
47079,1
47081,3
47087,9
47089,3
47091,2
47093,58
47105,2
47107,7
47113,3
47115,1
47117,7
47123,1
47125,5
47129,3
47131,1
47141,1
47145,1
47147,2
47149,10
47151,1
47155,6
47157,55
47163,14
47165,7
47171,2
47179,1
47183,1
47187,1
48001,3
48003,1
48005,1
48009,6
48011,4
48013,3
48015,4
48019,3
48021,14
48025,1
48027,60
48029,147
48031,14
48035,6
48037,4
48039,7
48041,7
48043,1
48049,5
48051,1
48053,15
48055,4
48059,2
48061,3
48067,2
48069,1
48071,3
48073,2
48083,1
48085,45
48089,1
48091,4
48093,2
48097,9
48099,5
48107,1
48113,101
48121,45
48123,3
48133,1
48137,1
48139,9
48141,38
48143,6
48145,8
48147,1
48157,52
48161,1
48163,1
48167,19
48171,12
48175,2
48181,4
48183,12
48185,2
48189,1
48199,3
48201,137
48205,1
48213,1
48215,28
48217,3
48221,5
48223,1
48231,3
48235,3
48241,2
48243,1
48245,4
48251,4
48257,1
48259,1
48273,1
48277,1
48287,1
48303,4
48309,16
48317,3
48335,1
48339,6
48347,4
48349,2
48351,1
48355,5
48361,1
48363,6
48367,2
48375,2
48381,2
48389,1
48395,1
48397,1
48405,1
48407,1
48411,1
48423,29
48427,1
48439,101
48447,1
48451,1
48453,66
48459,1
48469,4
48471,2
48479,1
48491,9
48499,1
49001,1
49005,9
49011,9
49015,1
49017,1
49019,2
49021,1
49025,1
49029,6
49035,27
49043,7
49045,2
49047,1
49049,27
49051,3
49053,6
49057,10
50001,6
50003,6
50005,1
50007,23
50011,6
50013,2
50015,3
50017,3
50019,2
50021,2
50023,5
50025,3
50027,8
51003,23
51005,2
51007,1
51009,1
51011,3
51013,18
51015,11
51017,1
51019,15
51021,1
51023,12
51029,2
51031,5
51033,2
51035,3
51036,23
51041,43
51043,5
51047,18
51049,2
51053,1
51059,69
51061,9
51063,3
51065,2
51067,4
51069,15
51073,2
51075,7
51079,1
51083,1
51085,4
51087,15
51089,2
51093,3
51095,18
51099,10
51101,1
51103,1
51105,2
51107,23
51117,1
51121,8
51131,1
51133,1
51137,2
51139,2
51141,2
51143,5
51149,1
51153,18
51157,2
51159,1
51161,4
51165,7
51167,1
51169,1
51171,1
51173,4
51179,14
51181,1
51185,2
51191,1
51193,1
51197,2
51199,5
51510,2
51550,12
51630,13
51650,5
51660,2
51700,7
51710,13
51740,2
51760,13
51770,7
51800,1
51810,26
53001,1
53005,18
53007,4
53009,11
53011,24
53013,1
53015,5
53017,2
53021,11
53025,2
53027,2
53029,5
53031,3
53033,147
53035,7
53037,5
53039,2
53041,2
53045,2
53049,1
53051,3
53053,42
53055,9
53057,9
53059,3
53061,34
53063,35
53067,26
53069,1
53073,6
53075,1
53077,7
54001,5
54003,6
54007,2
54009,14
54011,5
54015,2
54019,7
54025,3
54027,1
54033,9
54035,9
54037,3
54039,20
54043,1
54045,1
54049,2
54051,1
54055,3
54059,1
54061,5
54063,1
54065,2
54071,1
54073,2
54075,1
54077,5
54081,1
54083,1
54087,1
54093,5
54099,2
54107,15
54109,2
55001,2
55005,2
55007,2
55009,32
55011,2
55013,2
55015,8
55017,7
55019,2
55021,11
55023,2
55025,42
55027,19
55029,9
55031,1
55033,2
55035,3
55039,5
55041,2
55043,3
55045,2
55047,1
55049,3
55051,1
55053,1
55055,15
55057,4
55059,6
55061,1
55063,16
55067,2
55069,2
55071,5
55073,14
55075,3
55077,1
55079,52
55081,1
55083,1
55085,6
55087,9
55089,16
55093,3
55095,4
55097,14
55101,6
55103,3
55105,14
55109,1
55111,3
55113,1
55115,2
55117,13
55127,9
55131,3
55133,24
55135,1
55139,5
56001,4
56005,1
56007,1
56013,2
56021,3
56023,2
56025,2
56029,3
56037,1
56039,5
