fips,state,county,fitness_facilities_per_1k,pct_obese_usda
1001,AL,Autauga,0.160299226641655,38.3
1003,AL,Baldwin,0.0959496200084686,38.3
1005,AL,Barbour,,38.3
1007,AL,Bibb,,38.3
1009,AL,Blount,0.0691096931695938,38.3
1011,AL,Bullock,,38.3
1013,AL,Butler,,38.3
1015,AL,Calhoun,0.052877876907587,38.3
1017,AL,Chambers,,38.3
1019,AL,Cherokee,,38.3
1021,AL,Chilton,0.0900961756706237,38.3
1023,AL,Choctaw,,38.3
1025,AL,Clarke,,38.3
1027,AL,Clay,,38.3
1029,AL,Cleburne,,38.3
1031,AL,Coffee,,38.3
1033,AL,Colbert,0.144375666975975,38.3
1035,AL,Conecuh,,38.3
1037,AL,Coosa,,38.3
1039,AL,Covington,0.1083130240440369,38.3
1041,AL,Crenshaw,,38.3
1043,AL,Cullman,0.0473288781940937,38.3
1045,AL,Dale,,38.3
1047,AL,Dallas,,38.3
1049,AL,DeKalb,0.0418655276298522,38.3
1051,AL,Elmore,0.0608583465218544,38.3
1053,AL,Escambia,,38.3
1055,AL,Etowah,0.0683787390589714,38.3
1057,AL,Fayette,,38.3
1059,AL,Franklin,,38.3
1061,AL,Geneva,,38.3
1063,AL,Greene,,38.3
1065,AL,Hale,,38.3
1067,AL,Henry,,38.3
1069,AL,Houston,0.1032088547945023,38.3
1071,AL,Jackson,,38.3
1073,AL,Jefferson,0.1419106423854828,38.3
1075,AL,Lamar,,38.3
1077,AL,Lauderdale,0.0749721527099609,38.3
1079,AL,Lawrence,,38.3
1081,AL,Lee,0.0839172601699829,38.3
1083,AL,Limestone,0.0684743896126747,38.3
1085,AL,Lowndes,,38.3
1087,AL,Macon,,38.3
1089,AL,Madison,0.1686638444662094,38.3
1091,AL,Marengo,,38.3
1093,AL,Marion,,38.3
1095,AL,Marshall,0.0515517070889473,38.3
1097,AL,Mobile,0.0799581333994865,38.3
1099,AL,Monroe,,38.3
1101,AL,Montgomery,0.106838084757328,38.3
1103,AL,Morgan,0.0500487983226776,38.3
1105,AL,Perry,,38.3
1107,AL,Pickens,,38.3
1109,AL,Pike,,38.3
1111,AL,Randolph,,38.3
1113,AL,Russell,,38.3
1115,AL,St. Clair,0.0881649553775787,38.3
1117,AL,Shelby,0.1400003582239151,38.3
1119,AL,Sumter,,38.3
1121,AL,Talladega,0.0375070311129093,38.3
1123,AL,Tallapoosa,0.0747514516115188,38.3
1125,AL,Tuscaloosa,0.0854060128331184,38.3
1127,AL,Walker,0.0791853442788124,38.3
1129,AL,Washington,,38.3
1131,AL,Wilcox,,38.3
1133,AL,Winston,,38.3
2013,AK,Aleutians East,,32.1
2016,AK,Aleutians West,,32.1
2020,AK,Anchorage,0.1428098678588867,32.1
2050,AK,Bethel,,32.1
2060,AK,Bristol Bay,,32.1
2063,AK,Chugach,,32.1
2066,AK,Copper River,,32.1
2068,AK,Denali,,32.1
2070,AK,Dillingham,,32.1
2090,AK,Fairbanks North Star,0.1254560798406601,32.1
2100,AK,Haines,,32.1
2105,AK,Hoonah-Angoon,,32.1
2110,AK,Juneau,0.1255926340818405,32.1
2122,AK,Kenai Peninsula,0.1514794528484344,32.1
2130,AK,Ketchikan Gateway,,32.1
2150,AK,Kodiak Island,,32.1
2158,AK,Kusilvak,,32.1
2164,AK,Lake and Peninsula,,32.1
2170,AK,Matanuska-Susitna,0.0816600546240806,32.1
2180,AK,Nome,,32.1
2185,AK,North Slope,,32.1
2188,AK,Northwest Arctic,,32.1
2195,AK,Petersburg,,32.1
2198,AK,Prince of Wales-Hyder,,32.1
2220,AK,Sitka,,32.1
2230,AK,Skagway,,32.1
2240,AK,Southeast Fairbanks,,32.1
2261,AK,Valdez-Cordova,-8888.0,-8888.0
2275,AK,Wrangell,,32.1
2282,AK,Yakutat,,32.1
2290,AK,Yukon-Koyukuk,,32.1
4001,AZ,Apache,,33.2
4003,AZ,Cochise,0.0392310693860054,33.2
4005,AZ,Coconino,0.1333511173725128,33.2
4007,AZ,Gila,0.0736607536673545,33.2
4009,AZ,Graham,0.1020121872425079,33.2
4011,AZ,Greenlee,,33.2
4012,AZ,La Paz,,33.2
4013,AZ,Maricopa,0.1131231337785721,33.2
4015,AZ,Mohave,0.0690588653087616,33.2
4017,AZ,Navajo,0.0535179115831852,33.2
4019,AZ,Pima,0.1215633600950241,33.2
4021,AZ,Pinal,0.0415949150919914,33.2
4023,AZ,Santa Cruz,,33.2
4025,AZ,Yavapai,0.0832549333572387,33.2
4027,AZ,Yuma,0.0596812106668949,33.2
5001,AR,Arkansas,,37.4
5003,AR,Ashley,,37.4
5005,AR,Baxter,0.0710193663835525,37.4
5007,AR,Benton,0.1142762154340744,37.4
5009,AR,Boone,,37.4
5011,AR,Bradley,,37.4
5013,AR,Calhoun,,37.4
5015,AR,Carroll,,37.4
5017,AR,Chicot,,37.4
5019,AR,Clark,,37.4
5021,AR,Clay,,37.4
5023,AR,Cleburne,,37.4
5025,AR,Cleveland,,37.4
5027,AR,Columbia,,37.4
5029,AR,Conway,,37.4
5031,AR,Craighead,0.0712726637721061,37.4
5033,AR,Crawford,0.0788531601428985,37.4
5035,AR,Crittenden,0.0630040317773819,37.4
5037,AR,Cross,0.1858505755662918,37.4
5039,AR,Dallas,,37.4
5041,AR,Desha,,37.4
5043,AR,Drew,,37.4
5045,AR,Faulkner,0.0551532879471778,37.4
5047,AR,Franklin,,37.4
5049,AR,Fulton,,37.4
5051,AR,Garland,0.0601268671452999,37.4
5053,AR,Grant,,37.4
5055,AR,Greene,0.153518870472908,37.4
5057,AR,Hempstead,,37.4
5059,AR,Hot Spring,,37.4
5061,AR,Howard,0.3051338791847229,37.4
5063,AR,Independence,,37.4
5065,AR,Izard,,37.4
5067,AR,Jackson,,37.4
5069,AR,Jefferson,,37.4
5071,AR,Johnson,,37.4
5073,AR,Lafayette,,37.4
5075,AR,Lawrence,,37.4
5077,AR,Lee,,37.4
5079,AR,Lincoln,,37.4
5081,AR,Little River,,37.4
5083,AR,Logan,,37.4
5085,AR,Lonoke,0.0676397755742073,37.4
5087,AR,Madison,,37.4
5089,AR,Marion,,37.4
5091,AR,Miller,0.0926419124007225,37.4
5093,AR,Mississippi,0.0998352691531181,37.4
5095,AR,Monroe,,37.4
5097,AR,Montgomery,,37.4
5099,AR,Nevada,,37.4
5101,AR,Newton,,37.4
5103,AR,Ouachita,,37.4
5105,AR,Perry,,37.4
5107,AR,Phillips,,37.4
5109,AR,Pike,,37.4
5111,AR,Poinsett,,37.4
5113,AR,Polk,,37.4
5115,AR,Pope,0.0932632833719253,37.4
5117,AR,Prairie,,37.4
5119,AR,Pulaski,0.1221436187624931,37.4
5121,AR,Randolph,,37.4
5123,AR,St. Francis,,37.4
5125,AR,Saline,0.0887325778603553,37.4
5127,AR,Scott,,37.4
5129,AR,Searcy,,37.4
5131,AR,Sebastian,0.1175640746951103,37.4
5133,AR,Sevier,,37.4
5135,AR,Sharp,,37.4
5137,AR,Stone,,37.4
5139,AR,Union,,37.4
5141,AR,Van Buren,,37.4
5143,AR,Washington,0.1274587213993073,37.4
5145,AR,White,0.063509002327919,37.4
5147,AR,Woodruff,,37.4
5149,AR,Yell,,37.4
6001,CA,Alameda,0.1401652991771698,28.1
6003,CA,Alpine,,28.1
6005,CA,Amador,0.0748446956276893,28.1
6007,CA,Butte,0.1363140642642975,28.1
6009,CA,Calaveras,0.086378164589405,28.1
6011,CA,Colusa,,28.1
6013,CA,Contra Costa,0.1553370356559753,28.1
6015,CA,Del Norte,,28.1
6017,CA,El Dorado,0.1710509210824966,28.1
6019,CA,Fresno,0.0699357986450195,28.1
6021,CA,Glenn,,28.1
6023,CA,Humboldt,0.1481733918190002,28.1
6025,CA,Imperial,0.0721152499318122,28.1
6027,CA,Inyo,,28.1
6029,CA,Kern,0.0676753595471382,28.1
6031,CA,Kings,0.0654913187026977,28.1
6033,CA,Lake,0.0620357021689415,28.1
6035,CA,Lassen,0.0999466925859451,28.1
6037,CA,Los Angeles,0.1208885088562965,28.1
6039,CA,Madera,0.0633870214223861,28.1
6041,CA,Marin,0.330312579870224,28.1
6043,CA,Mariposa,,28.1
6045,CA,Mendocino,0.1161966547369957,28.1
6047,CA,Merced,0.0823628827929496,28.1
6049,CA,Modoc,,28.1
6051,CA,Mono,,28.1
6053,CA,Monterey,0.0974690541625022,28.1
6055,CA,Napa,0.2059353440999985,28.1
6057,CA,Nevada,0.2309097796678543,28.1
6059,CA,Orange,0.1771472543478012,28.1
6061,CA,Placer,0.1737188249826431,28.1
6063,CA,Plumas,0.1581694483757019,28.1
6065,CA,Riverside,0.0887839719653129,28.1
6067,CA,Sacramento,0.1122409328818321,28.1
6069,CA,San Benito,0.0936695039272308,28.1
6071,CA,San Bernardino,0.0767409577965736,28.1
6073,CA,San Diego,0.1602435708045959,28.1
6075,CA,San Francisco,0.2030911445617676,28.1
6077,CA,San Joaquin,0.0716176629066467,28.1
6079,CA,San Luis Obispo,0.1877774596214294,28.1
6081,CA,San Mateo,0.1819840967655182,28.1
6083,CA,Santa Barbara,0.1641312539577484,28.1
6085,CA,Santa Clara,0.1777563393115997,28.1
6087,CA,Santa Cruz,0.1852366328239441,28.1
6089,CA,Shasta,0.1508152335882187,28.1
6091,CA,Sierra,,28.1
6093,CA,Siskiyou,0.1156203001737595,28.1
6095,CA,Solano,0.1051607057452202,28.1
6097,CA,Sonoma,0.1776166260242462,28.1
6099,CA,Stanislaus,0.0890777930617332,28.1
6101,CA,Sutter,0.1245006993412971,28.1
6103,CA,Tehama,0.0465159565210342,28.1
6105,CA,Trinity,,28.1
6107,CA,Tulare,0.0533412992954254,28.1
6109,CA,Tuolumne,0.0550307258963584,28.1
6111,CA,Ventura,0.1461871862411499,28.1
6113,CA,Yolo,0.1456346064805984,28.1
6115,CA,Yuba,,28.1
8001,CO,Adams,0.0711698606610298,25.0
8003,CO,Alamosa,0.2472187876701355,25.0
8005,CO,Arapahoe,0.1642705500125885,25.0
8007,CO,Archuleta,,25.0
8009,CO,Baca,,25.0
8011,CO,Bent,,25.0
8013,CO,Boulder,0.2445204555988312,25.0
8014,CO,Broomfield,0.1799656748771667,25.0
8015,CO,Chaffee,0.145201101899147,25.0
8017,CO,Cheyenne,,25.0
8019,CO,Clear Creek,,25.0
8021,CO,Conejos,,25.0
8023,CO,Costilla,,25.0
8025,CO,Crowley,,25.0
8027,CO,Custer,,25.0
8029,CO,Delta,,25.0
8031,CO,Denver,0.2311233431100845,25.0
8033,CO,Dolores,,25.0
8035,CO,Douglas,0.2079002112150192,25.0
8037,CO,Eagle,0.1820531934499741,25.0
8039,CO,Elbert,,25.0
8041,CO,El Paso,0.115335501730442,25.0
8043,CO,Fremont,,25.0
8045,CO,Garfield,0.1325249373912811,25.0
8047,CO,Gilpin,,25.0
8049,CO,Grand,0.1899455487728119,25.0
8051,CO,Gunnison,,25.0
8053,CO,Hinsdale,,25.0
8055,CO,Huerfano,,25.0
8057,CO,Jackson,,25.0
8059,CO,Jefferson,0.1680144965648651,25.0
8061,CO,Kiowa,,25.0
8063,CO,Kit Carson,,25.0
8065,CO,Lake,,25.0
8067,CO,La Plata,0.1944699883460999,25.0
8069,CO,Larimer,0.1914390623569489,25.0
8071,CO,Las Animas,,25.0
8073,CO,Lincoln,,25.0
8075,CO,Logan,,25.0
8077,CO,Mesa,0.0963991731405258,25.0
8079,CO,Mineral,,25.0
8081,CO,Moffat,,25.0
8083,CO,Montezuma,,25.0
8085,CO,Montrose,0.0923318415880203,25.0
8087,CO,Morgan,0.1036591678857803,25.0
8089,CO,Otero,,25.0
8091,CO,Ouray,,25.0
8093,CO,Park,,25.0
8095,CO,Phillips,,25.0
8097,CO,Pitkin,0.5588465332984924,25.0
8099,CO,Prowers,,25.0
8101,CO,Pueblo,0.0588848404586315,25.0
8103,CO,Rio Blanco,,25.0
8105,CO,Rio Grande,,25.0
8107,CO,Routt,0.2347417771816254,25.0
8109,CO,Saguache,,25.0
8111,CO,San Juan,,25.0
8113,CO,San Miguel,0.3701418936252594,25.0
8115,CO,Sedgwick,,25.0
8117,CO,Summit,0.1632333248853683,25.0
8119,CO,Teller,,25.0
8121,CO,Washington,,25.0
8123,CO,Weld,0.0718599483370781,25.0
8125,CO,Yuma,,25.0
9001,CT,Fairfield,0.2557229995727539,30.6
9003,CT,Hartford,0.181056335568428,30.6
9005,CT,Litchfield,0.116919994354248,30.6
9007,CT,Middlesex,0.204135924577713,30.6
9009,CT,New Haven,0.1255945265293121,30.6
9011,CT,New London,0.120755173265934,30.6
9013,CT,Tolland,0.0796812772750854,30.6
9015,CT,Windham,0.1115496829152107,30.6
10001,DE,Kent,0.1252429932355881,37.9
10003,DE,New Castle,0.2012355476617813,37.9
10005,DE,Sussex,0.1282926797866821,37.9
11001,DC,District of Columbia,0.2216560840606689,24.3
12001,FL,Alachua,0.132734552025795,31.6
12003,FL,Baker,0.1352905333042145,31.6
12005,FL,Bay,0.0817174687981605,31.6
12007,FL,Bradford,,31.6
12009,FL,Brevard,0.1150447279214859,31.6
12011,FL,Broward,0.1394205093383789,31.6
12013,FL,Calhoun,,31.6
12015,FL,Charlotte,0.0770372524857521,31.6
12017,FL,Citrus,0.0392131246626377,31.6
12019,FL,Clay,0.1127294078469276,31.6
12021,FL,Collier,0.1297799050807953,31.6
12023,FL,Columbia,0.0825832039117813,31.6
12027,FL,DeSoto,,31.6
12029,FL,Dixie,,31.6
12031,FL,Duval,0.1272333115339279,31.6
12033,FL,Escambia,0.1023687496781349,31.6
12035,FL,Flagler,0.0675384774804115,31.6
12037,FL,Franklin,,31.6
12039,FL,Gadsden,,31.6
12041,FL,Gilchrist,,31.6
12043,FL,Glades,,31.6
12045,FL,Gulf,,31.6
12047,FL,Hamilton,,31.6
12049,FL,Hardee,,31.6
12051,FL,Hendry,0.0700721740722656,31.6
12053,FL,Hernando,0.0804861336946487,31.6
12055,FL,Highlands,0.0656420290470123,31.6
12057,FL,Hillsborough,0.1375206410884857,31.6
12059,FL,Holmes,,31.6
12061,FL,Indian River,0.098450630903244,31.6
12063,FL,Jackson,,31.6
12065,FL,Jefferson,,31.6
12067,FL,Lafayette,,31.6
12069,FL,Lake,0.0825583487749099,31.6
12071,FL,Lee,0.0973738133907318,31.6
12073,FL,Leon,0.1421512216329575,31.6
12075,FL,Levy,,31.6
12077,FL,Liberty,,31.6
12079,FL,Madison,,31.6
12081,FL,Manatee,0.1191579177975655,31.6
12083,FL,Marion,0.0481910929083824,31.6
12085,FL,Martin,0.1727456748485565,31.6
12086,FL,Miami-Dade,0.1388836055994034,31.6
12087,FL,Monroe,0.2029770016670227,31.6
12089,FL,Nassau,0.1097538247704506,31.6
12091,FL,Okaloosa,0.1597594171762466,31.6
12093,FL,Okeechobee,0.0709270164370536,31.6
12095,FL,Orange,0.1331533342599869,31.6
12097,FL,Osceola,0.0778583735227584,31.6
12099,FL,Palm Beach,0.1764393746852875,31.6
12101,FL,Pasco,0.0929152965545654,31.6
12103,FL,Pinellas,0.1515148431062698,31.6
12105,FL,Polk,0.0604390278458595,31.6
12107,FL,Putnam,0.0400989092886447,31.6
12109,FL,St. Johns,0.1291642040014267,31.6
12111,FL,St. Lucie,0.0682116076350212,31.6
12113,FL,Santa Rosa,0.1110294535756111,31.6
12115,FL,Sarasota,0.1375531256198883,31.6
12117,FL,Seminole,0.1581707894802094,31.6
12119,FL,Sumter,0.0287732519209384,31.6
12121,FL,Suwannee,,31.6
12123,FL,Taylor,,31.6
12125,FL,Union,,31.6
12127,FL,Volusia,0.1139810159802437,31.6
12129,FL,Wakulla,0.0874151363968849,31.6
12131,FL,Walton,0.1956998258829117,31.6
12133,FL,Washington,,31.6
13001,GA,Appling,,37.0
13003,GA,Atkinson,,37.0
13005,GA,Bacon,,37.0
13007,GA,Baker,,37.0
13009,GA,Baldwin,0.0665203183889389,37.0
13011,GA,Banks,,37.0
13013,GA,Barrow,0.1051549315452576,37.0
13015,GA,Bartow,0.0731087699532508,37.0
13017,GA,Ben Hill,,37.0
13019,GA,Berrien,,37.0
13021,GA,Bibb,0.0851136296987533,37.0
13023,GA,Bleckley,,37.0
13025,GA,Brantley,,37.0
13027,GA,Brooks,,37.0
13029,GA,Bryan,0.073610596358776,37.0
13031,GA,Bulloch,0.0494810678064823,37.0
13033,GA,Burke,,37.0
13035,GA,Butts,,37.0
13037,GA,Calhoun,,37.0
13039,GA,Camden,,37.0
13043,GA,Candler,,37.0
13045,GA,Carroll,0.0657716244459152,37.0
13047,GA,Catoosa,0.0588269904255867,37.0
13049,GA,Charlton,,37.0
13051,GA,Chatham,0.103640191257,37.0
13053,GA,Chattahoochee,,37.0
13055,GA,Chattooga,,37.0
13057,GA,Cherokee,0.1394784301519394,37.0
13059,GA,Clarke,0.2269259393215179,37.0
13061,GA,Clay,,37.0
13063,GA,Clayton,0.0341709777712822,37.0
13065,GA,Clinch,,37.0
13067,GA,Cobb,0.1572854667901993,37.0
13069,GA,Coffee,0.1156925335526466,37.0
13071,GA,Colquitt,,37.0
13073,GA,Columbia,0.1122355461120605,37.0
13075,GA,Cook,,37.0
13077,GA,Coweta,0.0994371846318245,37.0
13079,GA,Crawford,,37.0
13081,GA,Crisp,,37.0
13083,GA,Dade,,37.0
13085,GA,Dawson,0.2212960571050644,37.0
13087,GA,Decatur,,37.0
13089,GA,DeKalb,0.1167965233325958,37.0
13091,GA,Dodge,,37.0
13093,GA,Dooly,,37.0
13095,GA,Dougherty,0.0925101488828659,37.0
13097,GA,Douglas,0.0608157403767108,37.0
13099,GA,Early,,37.0
13101,GA,Echols,,37.0
13103,GA,Effingham,,37.0
13105,GA,Elbert,,37.0
13107,GA,Emanuel,,37.0
13109,GA,Evans,,37.0
13111,GA,Fannin,,37.0
13113,GA,Fayette,0.2244843393564224,37.0
13115,GA,Floyd,0.0709910318255424,37.0
13117,GA,Forsyth,0.1594597548246384,37.0
13119,GA,Franklin,,37.0
13121,GA,Fulton,0.2246143966913223,37.0
13123,GA,Gilmer,,37.0
13125,GA,Glascock,,37.0
13127,GA,Glynn,0.1285527348518372,37.0
13129,GA,Gordon,0.0510377697646617,37.0
13131,GA,Grady,,37.0
13133,GA,Greene,,37.0
13135,GA,Gwinnett,0.1230603381991386,37.0
13137,GA,Habersham,0.0868677645921707,37.0
13139,GA,Hall,0.0822881907224655,37.0
13141,GA,Hancock,,37.0
13143,GA,Haralson,,37.0
13145,GA,Harris,,37.0
13147,GA,Hart,,37.0
13149,GA,Heard,,37.0
13151,GA,Henry,0.0794517025351524,37.0
13153,GA,Houston,0.0687027648091316,37.0
13155,GA,Irwin,,37.0
13157,GA,Jackson,,37.0
13159,GA,Jasper,,37.0
13161,GA,Jeff Davis,,37.0
13163,GA,Jefferson,,37.0
13165,GA,Jenkins,,37.0
13167,GA,Johnson,,37.0
13169,GA,Jones,0.1389516144990921,37.0
13171,GA,Lamar,,37.0
13173,GA,Lanier,,37.0
13175,GA,Laurens,0.0631419420242309,37.0
13177,GA,Lee,,37.0
13179,GA,Liberty,0.0634880289435386,37.0
13181,GA,Lincoln,,37.0
13183,GA,Long,,37.0
13185,GA,Lowndes,0.126830592751503,37.0
13187,GA,Lumpkin,,37.0
13189,GA,McDuffie,,37.0
13191,GA,McIntosh,,37.0
13193,GA,Macon,,37.0
13195,GA,Madison,,37.0
13197,GA,Marion,,37.0
13199,GA,Meriwether,,37.0
13201,GA,Miller,,37.0
13205,GA,Mitchell,,37.0
13207,GA,Monroe,,37.0
13209,GA,Montgomery,,37.0
13211,GA,Morgan,,37.0
13213,GA,Murray,,37.0
13215,GA,Muscogee,0.1425357162952423,37.0
13217,GA,Newton,0.0617856048047542,37.0
13219,GA,Oconee,0.2188502997159958,37.0
13221,GA,Oglethorpe,,37.0
13223,GA,Paulding,0.069220520555973,37.0
13225,GA,Peach,0.1073345243930817,37.0
13227,GA,Pickens,0.09056057035923,37.0
13229,GA,Pierce,,37.0
13231,GA,Pike,,37.0
13233,GA,Polk,0.0700280144810676,37.0
13235,GA,Pulaski,,37.0
13237,GA,Putnam,0.133214920759201,37.0
13239,GA,Quitman,,37.0
13241,GA,Rabun,0.1736814677715302,37.0
13243,GA,Randolph,,37.0
13245,GA,Richmond,0.0692798346281051,37.0
13247,GA,Rockdale,0.0989674404263496,37.0
13249,GA,Schley,,37.0
13251,GA,Screven,,37.0
13253,GA,Seminole,,37.0
13255,GA,Spalding,0.0593348555266857,37.0
13257,GA,Stephens,0.114911712706089,37.0
13259,GA,Stewart,,37.0
13261,GA,Sumter,,37.0
13263,GA,Talbot,,37.0
13265,GA,Taliaferro,,37.0
13267,GA,Tattnall,0.1182732135057449,37.0
13269,GA,Taylor,,37.0
13271,GA,Telfair,,37.0
13273,GA,Terrell,,37.0
13275,GA,Thomas,0.2028306126594543,37.0
13277,GA,Tift,0.0982342362403869,37.0
13279,GA,Toombs,,37.0
13281,GA,Towns,,37.0
13283,GA,Treutlen,,37.0
13285,GA,Troup,0.0569686964154243,37.0
13287,GA,Turner,,37.0
13289,GA,Twiggs,,37.0
13291,GA,Union,,37.0
13293,GA,Upson,,37.0
13295,GA,Walker,0.0570483207702636,37.0
13297,GA,Walton,,37.0
13299,GA,Ware,0.1116507574915886,37.0
13301,GA,Warren,,37.0
13303,GA,Washington,,37.0
13305,GA,Wayne,,37.0
13307,GA,Webster,,37.0
13309,GA,Wheeler,,37.0
13311,GA,White,,37.0
13313,GA,Whitfield,0.0866743102669715,37.0
13315,GA,Wilcox,,37.0
13317,GA,Wilkes,,37.0
13319,GA,Wilkinson,,37.0
13321,GA,Worth,,37.0
15001,HI,Hawaii,0.0491787157952785,25.9
15003,HI,Honolulu,0.0477264560759067,25.9
15005,HI,Kalawao,,25.9
15007,HI,Kauai,0.0556707642972469,25.9
15009,HI,Maui,0.172719806432724,25.9
16001,ID,Ada,0.1516993343830109,33.2
16003,ID,Adams,,33.2
16005,ID,Bannock,0.0788332670927047,33.2
16007,ID,Bear Lake,,33.2
16009,ID,Benewah,,33.2
16011,ID,Bingham,,33.2
16013,ID,Blaine,0.3415009081363678,33.2
16015,ID,Boise,,33.2
16017,ID,Bonner,0.1495183408260345,33.2
16019,ID,Bonneville,0.0655018240213394,33.2
16021,ID,Boundary,,33.2
16023,ID,Butte,,33.2
16025,ID,Camas,,33.2
16027,ID,Canyon,0.0464031249284744,33.2
16029,ID,Caribou,,33.2
16031,ID,Cassia,0.1647650003433228,33.2
16033,ID,Clark,,33.2
16035,ID,Clearwater,,33.2
16037,ID,Custer,,33.2
16039,ID,Elmore,0.1092975810170174,33.2
16041,ID,Franklin,,33.2
16043,ID,Fremont,,33.2
16045,ID,Gem,,33.2
16047,ID,Gooding,,33.2
16049,ID,Idaho,,33.2
16051,ID,Jefferson,,33.2
16053,ID,Jerome,,33.2
16055,ID,Kootenai,0.1699603796005249,33.2
16057,ID,Latah,0.1224589794874191,33.2
16059,ID,Lemhi,,33.2
16061,ID,Lewis,,33.2
16063,ID,Lincoln,,33.2
16065,ID,Madison,,33.2
16067,ID,Minidoka,,33.2
16069,ID,Nez Perce,0.073610596358776,33.2
16071,ID,Oneida,,33.2
16073,ID,Owyhee,,33.2
16075,ID,Payette,,33.2
16077,ID,Power,,33.2
16079,ID,Shoshone,,33.2
16081,ID,Teton,,33.2
16083,ID,Twin Falls,0.1244189068675041,33.2
16085,ID,Valley,0.2544097602367401,33.2
16087,ID,Washington,,33.2
17001,IL,Adams,0.123489186167717,33.4
17003,IL,Alexander,,33.4
17005,IL,Bond,,33.4
17007,IL,Boone,,33.4
17009,IL,Brown,,33.4
17011,IL,Bureau,,33.4
17013,IL,Calhoun,,33.4
17015,IL,Carroll,,33.4
17017,IL,Cass,,33.4
17019,IL,Champaign,0.1147271394729614,33.4
17021,IL,Christian,,33.4
17023,IL,Clark,,33.4
17025,IL,Clay,,33.4
17027,IL,Clinton,0.1336969882249832,33.4
17029,IL,Coles,0.0992398262023925,33.4
17031,IL,Cook,0.1143241077661514,33.4
17033,IL,Crawford,,33.4
17035,IL,Cumberland,,33.4
17037,IL,DeKalb,0.0957020223140716,33.4
17039,IL,De Witt,,33.4
17041,IL,Douglas,,33.4
17043,IL,DuPage,0.208178699016571,33.4
17045,IL,Edgar,,33.4
17047,IL,Edwards,,33.4
17049,IL,Effingham,0.1174225732684135,33.4
17051,IL,Fayette,,33.4
17053,IL,Ford,,33.4
17055,IL,Franklin,0.078822910785675,33.4
17057,IL,Fulton,0.1780943870544434,33.4
17059,IL,Gallatin,,33.4
17061,IL,Greene,,33.4
17063,IL,Grundy,0.235326424241066,33.4
17065,IL,Hamilton,,33.4
17067,IL,Hancock,,33.4
17069,IL,Hardin,,33.4
17071,IL,Henderson,,33.4
17073,IL,Henry,0.0826258510351181,33.4
17075,IL,Iroquois,,33.4
17077,IL,Jackson,0.07057785987854,33.4
17079,IL,Jasper,,33.4
17081,IL,Jefferson,0.134282261133194,33.4
17083,IL,Jersey,,33.4
17085,IL,Jo Daviess,,33.4
17087,IL,Johnson,,33.4
17089,IL,Kane,0.1186418309807777,33.4
17091,IL,Kankakee,0.0920861214399337,33.4
17093,IL,Kendall,0.1301305890083313,33.4
17095,IL,Knox,0.1019305661320686,33.4
17097,IL,Lake,0.2119398564100266,33.4
17099,IL,LaSalle,0.1022580415010452,33.4
17101,IL,Lawrence,,33.4
17103,IL,Lee,0.0891609936952591,33.4
17105,IL,Livingston,0.0847122594714164,33.4
17107,IL,Logan,,33.4
17109,IL,McDonough,,33.4
17111,IL,McHenry,0.1405743211507797,33.4
17113,IL,McLean,0.1576587110757828,33.4
17115,IL,Macon,0.1067805662751198,33.4
17117,IL,Macoupin,0.1121906340122223,33.4
17119,IL,Madison,0.1332647949457169,33.4
17121,IL,Marion,0.1349709779024124,33.4
17123,IL,Marshall,,33.4
17125,IL,Mason,,33.4
17127,IL,Massac,,33.4
17129,IL,Menard,,33.4
17131,IL,Mercer,,33.4
17133,IL,Monroe,0.2590748071670532,33.4
17135,IL,Montgomery,,33.4
17137,IL,Morgan,0.1197604760527611,33.4
17139,IL,Moultrie,,33.4
17141,IL,Ogle,0.0596350319683551,33.4
17143,IL,Peoria,0.0900637209415435,33.4
17145,IL,Perry,,33.4
17147,IL,Piatt,,33.4
17149,IL,Pike,,33.4
17151,IL,Pope,,33.4
17153,IL,Pulaski,,33.4
17155,IL,Putnam,,33.4
17157,IL,Randolph,0.1275876313447952,33.4
17159,IL,Richland,,33.4
17161,IL,Rock Island,0.0496781580150127,33.4
17163,IL,St. Clair,0.0930066704750061,33.4
17165,IL,Saline,,33.4
17167,IL,Sangamon,0.1186288595199585,33.4
17169,IL,Schuyler,,33.4
17171,IL,Scott,,33.4
17173,IL,Shelby,,33.4
17175,IL,Stark,,33.4
17177,IL,Stephenson,0.2053341269493103,33.4
17179,IL,Tazewell,0.1223456710577011,33.4
17181,IL,Union,,33.4
17183,IL,Vermilion,0.1202324479818344,33.4
17185,IL,Wabash,,33.4
17187,IL,Warren,,33.4
17189,IL,Washington,,33.4
17191,IL,Wayne,,33.4
17193,IL,White,,33.4
17195,IL,Whiteside,,33.4
17197,IL,Will,0.1176084503531456,33.4
17199,IL,Williamson,0.1355115622282028,33.4
17201,IL,Winnebago,0.1279795169830322,33.4
17203,IL,Woodford,0.0787587612867355,33.4
18001,IN,Adams,0.0837076902389526,37.7
18003,IN,Allen,0.1072773262858391,37.7
18005,IN,Bartholomew,0.1539427042007446,37.7
18007,IN,Benton,,37.7
18009,IN,Blackford,,37.7
18011,IN,Boone,0.1874630451202393,37.7
18013,IN,Brown,,37.7
18015,IN,Carroll,,37.7
18017,IN,Cass,0.1069862022995949,37.7
18019,IN,Clark,0.0838461890816688,37.7
18021,IN,Clay,,37.7
18023,IN,Clinton,,37.7
18025,IN,Crawford,,37.7
18027,IN,Daviess,,37.7
18029,IN,Dearborn,0.0802825912833213,37.7
18031,IN,Decatur,,37.7
18033,IN,DeKalb,0.114495076239109,37.7
18035,IN,Delaware,0.1233980283141136,37.7
18037,IN,Dubois,0.1880494505167007,37.7
18039,IN,Elkhart,0.092160977423191,37.7
18041,IN,Fayette,,37.7
18043,IN,Floyd,0.0760109424591064,37.7
18045,IN,Fountain,,37.7
18047,IN,Franklin,,37.7
18049,IN,Fulton,,37.7
18051,IN,Gibson,,37.7
18053,IN,Grant,0.0459946356713771,37.7
18055,IN,Greene,,37.7
18057,IN,Hamilton,0.2498271614313126,37.7
18059,IN,Hancock,,37.7
18061,IN,Harrison,,37.7
18063,IN,Hendricks,0.1154394522309303,37.7
18065,IN,Henry,0.1040951013565063,37.7
18067,IN,Howard,0.0966977700591087,37.7
18069,IN,Huntington,0.164857804775238,37.7
18071,IN,Jackson,0.067839540541172,37.7
18073,IN,Jasper,0.209330141544342,37.7
18075,IN,Jay,,37.7
18077,IN,Jefferson,,37.7
18079,IN,Jennings,,37.7
18081,IN,Johnson,0.118301197886467,37.7
18083,IN,Knox,0.1095230281352997,37.7
18085,IN,Kosciusko,0.0886210575699806,37.7
18087,IN,LaGrange,,37.7
18089,IN,Lake,0.0902497470378875,37.7
18091,IN,LaPorte,0.0911884605884552,37.7
18093,IN,Lawrence,0.1098997741937637,37.7
18095,IN,Madison,0.0848235264420509,37.7
18097,IN,Marion,0.1169550716876984,37.7
18099,IN,Marshall,0.0867528393864631,37.7
18101,IN,Martin,,37.7
18103,IN,Miami,,37.7
18105,IN,Monroe,0.1214419230818748,37.7
18107,IN,Montgomery,0.1042616963386536,37.7
18109,IN,Morgan,0.0707143545150756,37.7
18111,IN,Newton,,37.7
18113,IN,Noble,,37.7
18115,IN,Ohio,,37.7
18117,IN,Orange,,37.7
18119,IN,Owen,,37.7
18121,IN,Parke,,37.7
18123,IN,Perry,,37.7
18125,IN,Pike,,37.7
18127,IN,Porter,0.1111241057515144,37.7
18129,IN,Posey,,37.7
18131,IN,Pulaski,,37.7
18133,IN,Putnam,,37.7
18135,IN,Randolph,,37.7
18137,IN,Ripley,0.105455569922924,37.7
18139,IN,Rush,,37.7
18141,IN,St. Joseph,0.0957699194550514,37.7
18143,IN,Scott,,37.7
18145,IN,Shelby,0.0668583288788795,37.7
18147,IN,Spencer,,37.7
18149,IN,Starke,,37.7
18151,IN,Steuben,0.1148402318358421,37.7
18153,IN,Sullivan,,37.7
18155,IN,Switzerland,,37.7
18157,IN,Tippecanoe,0.101980984210968,37.7
18159,IN,Tipton,,37.7
18161,IN,Union,,37.7
18163,IN,Vanderburgh,0.1205829605460167,37.7
18165,IN,Vermillion,,37.7
18167,IN,Vigo,0.1219420656561852,37.7
18169,IN,Wabash,,37.7
18171,IN,Warren,,37.7
18173,IN,Warrick,0.1580552905797958,37.7
18175,IN,Washington,,37.7
18177,IN,Wayne,0.076013259589672,37.7
18179,IN,Wells,,37.7
18181,IN,White,,37.7
18183,IN,Whitley,0.1745302230119705,37.7
19001,IA,Adair,,37.4
19003,IA,Adams,,37.4
19005,IA,Allamakee,,37.4
19007,IA,Appanoose,,37.4
19009,IA,Audubon,,37.4
19011,IA,Benton,,37.4
19013,IA,Black Hawk,0.0993990153074264,37.4
19015,IA,Boone,0.1522243767976761,37.4
19017,IA,Bremer,0.118525542318821,37.4
19019,IA,Buchanan,,37.4
19021,IA,Buena Vista,0.1517297178506851,37.4
19023,IA,Butler,,37.4
19025,IA,Calhoun,,37.4
19027,IA,Carroll,,37.4
19029,IA,Cass,,37.4
19031,IA,Cedar,,37.4
19033,IA,Cerro Gordo,0.213761493563652,37.4
19035,IA,Cherokee,,37.4
19037,IA,Chickasaw,,37.4
19039,IA,Clarke,,37.4
19041,IA,Clay,0.2503755688667297,37.4
19043,IA,Clayton,,37.4
19045,IA,Clinton,0.0862217620015144,37.4
19047,IA,Crawford,,37.4
19049,IA,Dallas,0.1546981781721115,37.4
19051,IA,Davis,,37.4
19053,IA,Decatur,,37.4
19055,IA,Delaware,,37.4
19057,IA,Des Moines,,37.4
19059,IA,Dickinson,0.3988831341266632,37.4
19061,IA,Dubuque,0.1639512181282043,37.4
19063,IA,Emmet,,37.4
19065,IA,Fayette,,37.4
19067,IA,Floyd,,37.4
19069,IA,Franklin,,37.4
19071,IA,Fremont,,37.4
19073,IA,Greene,,37.4
19075,IA,Grundy,,37.4
19077,IA,Guthrie,,37.4
19079,IA,Hamilton,,37.4
19081,IA,Hancock,,37.4
19083,IA,Hardin,,37.4
19085,IA,Harrison,,37.4
19087,IA,Henry,0.1523074507713318,37.4
19089,IA,Howard,,37.4
19091,IA,Humboldt,,37.4
19093,IA,Ida,,37.4
19095,IA,Iowa,,37.4
19097,IA,Jackson,,37.4
19099,IA,Jasper,0.1076774001121521,37.4
19101,IA,Jefferson,,37.4
19103,IA,Johnson,0.1496032327413559,37.4
19105,IA,Jones,,37.4
19107,IA,Keokuk,,37.4
19109,IA,Kossuth,,37.4
19111,IA,Lee,0.1194743141531944,37.4
19113,IA,Linn,0.1272744834423065,37.4
19115,IA,Louisa,,37.4
19117,IA,Lucas,,37.4
19119,IA,Lyon,,37.4
19121,IA,Madison,,37.4
19123,IA,Mahaska,0.1341081857681274,37.4
19125,IA,Marion,0.1507477015256882,37.4
19127,IA,Marshall,,37.4
19129,IA,Mills,0.2031694501638412,37.4
19131,IA,Mitchell,,37.4
19133,IA,Monona,,37.4
19135,IA,Monroe,,37.4
19137,IA,Montgomery,,37.4
19139,IA,Muscatine,0.0707647278904914,37.4
19141,IA,O'Brien,,37.4
19143,IA,Osceola,,37.4
19145,IA,Page,,37.4
19147,IA,Palo Alto,,37.4
19149,IA,Plymouth,,37.4
19151,IA,Pocahontas,,37.4
19153,IA,Polk,0.1699438244104385,37.4
19155,IA,Pottawattamie,0.128578782081604,37.4
19157,IA,Poweshiek,0.1632120162248611,37.4
19159,IA,Ringgold,,37.4
19161,IA,Sac,,37.4
19163,IA,Scott,0.1616478860378265,37.4
19165,IA,Shelby,,37.4
19167,IA,Sioux,0.0856091082096099,37.4
19169,IA,Story,0.1628714203834534,37.4
19171,IA,Tama,,37.4
19173,IA,Taylor,,37.4
19175,IA,Union,,37.4
19177,IA,Van Buren,,37.4
19179,IA,Wapello,0.1143347173929214,37.4
19181,IA,Warren,0.0956663191318512,37.4
19183,IA,Washington,,37.4
19185,IA,Wayne,,37.4
19187,IA,Webster,0.1948015838861465,37.4
19189,IA,Winnebago,,37.4
19191,IA,Winneshiek,0.2013895809650421,37.4
19193,IA,Woodbury,0.1066532209515572,37.4
19195,IA,Worth,,37.4
19197,IA,Wright,,37.4
20001,KS,Allen,,35.7
20003,KS,Anderson,,35.7
20005,KS,Atchison,,35.7
20007,KS,Barber,,35.7
20009,KS,Barton,,35.7
20011,KS,Bourbon,,35.7
20013,KS,Brown,,35.7
20015,KS,Butler,0.059708621352911,35.7
20017,KS,Chase,,35.7
20019,KS,Chautauqua,,35.7
20021,KS,Cherokee,,35.7
20023,KS,Cheyenne,,35.7
20025,KS,Clark,,35.7
20027,KS,Clay,,35.7
20029,KS,Cloud,,35.7
20031,KS,Coffey,,35.7
20033,KS,Comanche,,35.7
20035,KS,Cowley,,35.7
20037,KS,Crawford,0.0774593353271484,35.7
20039,KS,Decatur,,35.7
20041,KS,Dickinson,,35.7
20043,KS,Doniphan,,35.7
20045,KS,Douglas,0.0897739306092262,35.7
20047,KS,Edwards,,35.7
20049,KS,Elk,,35.7
20051,KS,Ellis,,35.7
20053,KS,Ellsworth,,35.7
20055,KS,Finney,,35.7
20057,KS,Ford,,35.7
20059,KS,Franklin,,35.7
20061,KS,Geary,,35.7
20063,KS,Gove,,35.7
20065,KS,Graham,,35.7
20067,KS,Grant,,35.7
20069,KS,Gray,,35.7
20071,KS,Greeley,,35.7
20073,KS,Greenwood,,35.7
20075,KS,Hamilton,,35.7
20077,KS,Harper,,35.7
20079,KS,Harvey,,35.7
20081,KS,Haskell,,35.7
20083,KS,Hodgeman,,35.7
20085,KS,Jackson,,35.7
20087,KS,Jefferson,,35.7
20089,KS,Jewell,,35.7
20091,KS,Johnson,0.1828003078699112,35.7
20093,KS,Kearny,,35.7
20095,KS,Kingman,,35.7
20097,KS,Kiowa,,35.7
20099,KS,Labette,,35.7
20101,KS,Lane,,35.7
20103,KS,Leavenworth,0.0364759378135204,35.7
20105,KS,Lincoln,,35.7
20107,KS,Linn,,35.7
20109,KS,Logan,,35.7
20111,KS,Lyon,0.0907852947711944,35.7
20113,KS,McPherson,0.1757592856884003,35.7
20115,KS,Marion,,35.7
20117,KS,Marshall,,35.7
20119,KS,Meade,,35.7
20121,KS,Miami,0.087376944720745,35.7
20123,KS,Mitchell,,35.7
20125,KS,Montgomery,0.0952320471405983,35.7
20127,KS,Morris,,35.7
20129,KS,Morton,,35.7
20131,KS,Nemaha,,35.7
20133,KS,Neosho,,35.7
20135,KS,Ness,,35.7
20137,KS,Norton,,35.7
20139,KS,Osage,,35.7
20141,KS,Osborne,,35.7
20143,KS,Ottawa,,35.7
20145,KS,Pawnee,,35.7
20147,KS,Phillips,,35.7
20149,KS,Pottawatomie,0.1213494017720222,35.7
20151,KS,Pratt,,35.7
20153,KS,Rawlins,,35.7
20155,KS,Reno,0.0809153169393539,35.7
20157,KS,Republic,,35.7
20159,KS,Rice,,35.7
20161,KS,Riley,0.0409824885427951,35.7
20163,KS,Rooks,,35.7
20165,KS,Rush,,35.7
20167,KS,Russell,,35.7
20169,KS,Saline,0.1112635806202888,35.7
20171,KS,Scott,,35.7
20173,KS,Sedgwick,0.0980944633483886,35.7
20175,KS,Seward,0.1901321411132813,35.7
20177,KS,Shawnee,0.0965914577245712,35.7
20179,KS,Sheridan,,35.7
20181,KS,Sherman,,35.7
20183,KS,Smith,,35.7
20185,KS,Stafford,,35.7
20187,KS,Stanton,,35.7
20189,KS,Stevens,,35.7
20191,KS,Sumner,,35.7
20193,KS,Thomas,,35.7
20195,KS,Trego,,35.7
20197,KS,Wabaunsee,,35.7
20199,KS,Wallace,,35.7
20201,KS,Washington,,35.7
20203,KS,Wichita,,35.7
20205,KS,Wilson,,35.7
20207,KS,Woodson,,35.7
20209,KS,Wyandotte,0.0726106539368629,35.7
21001,KY,Adair,,37.7
21003,KY,Allen,,37.7
21005,KY,Anderson,,37.7
21007,KY,Ballard,,37.7
21009,KY,Barren,0.0677200928330421,37.7
21011,KY,Bath,,37.7
21013,KY,Bell,0.1569735556840897,37.7
21015,KY,Boone,0.103400394320488,37.7
21017,KY,Bourbon,,37.7
21019,KY,Boyd,0.0644939392805099,37.7
21021,KY,Boyle,0.1317219287157059,37.7
21023,KY,Bracken,,37.7
21025,KY,Breathitt,,37.7
21027,KY,Breckinridge,,37.7
21029,KY,Bullitt,0.1338492631912231,37.7
21031,KY,Butler,,37.7
21033,KY,Caldwell,,37.7
21035,KY,Calloway,,37.7
21037,KY,Campbell,0.0957243144512176,37.7
21039,KY,Carlisle,,37.7
21041,KY,Carroll,,37.7
21043,KY,Carter,0.1130284070968628,37.7
21045,KY,Casey,,37.7
21047,KY,Christian,0.041970957070589,37.7
21049,KY,Clark,,37.7
21051,KY,Clay,,37.7
21053,KY,Clinton,,37.7
21055,KY,Crittenden,,37.7
21057,KY,Cumberland,,37.7
21059,KY,Daviess,0.0980603694915771,37.7
21061,KY,Edmonson,,37.7
21063,KY,Elliott,,37.7
21065,KY,Estill,,37.7
21067,KY,Fayette,0.1508922725915909,37.7
21069,KY,Fleming,,37.7
21071,KY,Floyd,,37.7
21073,KY,Franklin,0.136938065290451,37.7
21075,KY,Fulton,,37.7
21077,KY,Gallatin,,37.7
21079,KY,Garrard,,37.7
21081,KY,Grant,,37.7
21083,KY,Graves,,37.7
21085,KY,Grayson,,37.7
21087,KY,Green,,37.7
21089,KY,Greenup,,37.7
21091,KY,Hancock,,37.7
21093,KY,Hardin,0.0808559954166412,37.7
21095,KY,Harlan,,37.7
21097,KY,Harrison,,37.7
21099,KY,Hart,,37.7
21101,KY,Henderson,,37.7
21103,KY,Henry,,37.7
21105,KY,Hickman,,37.7
21107,KY,Hopkins,,37.7
21109,KY,Jackson,,37.7
21111,KY,Jefferson,0.1303013116121292,37.7
21113,KY,Jessamine,0.1849899142980576,37.7
21115,KY,Johnson,,37.7
21117,KY,Kenton,0.1250379532575607,37.7
21119,KY,Knott,,37.7
21121,KY,Knox,,37.7
21123,KY,Larue,,37.7
21125,KY,Laurel,,37.7
21127,KY,Lawrence,,37.7
21129,KY,Lee,,37.7
21131,KY,Leslie,,37.7
21133,KY,Letcher,,37.7
21135,KY,Lewis,,37.7
21137,KY,Lincoln,,37.7
21139,KY,Livingston,,37.7
21141,KY,Logan,,37.7
21143,KY,Lyon,,37.7
21145,KY,McCracken,0.0914021059870719,37.7
21147,KY,McCreary,,37.7
21149,KY,McLean,,37.7
21151,KY,Madison,0.0954755246639251,37.7
21153,KY,Magoffin,,37.7
21155,KY,Marion,,37.7
21157,KY,Marshall,,37.7
21159,KY,Martin,,37.7
21161,KY,Mason,,37.7
21163,KY,Meade,,37.7
21165,KY,Menifee,,37.7
21167,KY,Mercer,,37.7
21169,KY,Metcalfe,,37.7
21171,KY,Monroe,,37.7
21173,KY,Montgomery,0.1064358204603195,37.7
21175,KY,Morgan,,37.7
21177,KY,Muhlenberg,,37.7
21179,KY,Nelson,0.0861141011118888,37.7
21181,KY,Nicholas,,37.7
21183,KY,Ohio,,37.7
21185,KY,Oldham,0.0746279805898666,37.7
21187,KY,Owen,,37.7
21189,KY,Owsley,,37.7
21191,KY,Pendleton,,37.7
21193,KY,Perry,,37.7
21195,KY,Pike,0.0525790005922317,37.7
21197,KY,Powell,,37.7
21199,KY,Pulaski,0.0763009339570999,37.7
21201,KY,Robertson,,37.7
21203,KY,Rockcastle,,37.7
21205,KY,Rowan,,37.7
21207,KY,Russell,,37.7
21209,KY,Scott,0.068411149084568,37.7
21211,KY,Shelby,,37.7
21213,KY,Simpson,0.1609873920679092,37.7
21215,KY,Spencer,,37.7
21217,KY,Taylor,,37.7
21219,KY,Todd,,37.7
21221,KY,Trigg,,37.7
21223,KY,Trimble,,37.7
21225,KY,Union,,37.7
21227,KY,Warren,0.1115158721804619,37.7
21229,KY,Washington,,37.7
21231,KY,Wayne,,37.7
21233,KY,Webster,,37.7
21235,KY,Whitley,,37.7
21237,KY,Wolfe,,37.7
21239,KY,Woodford,,37.7
22001,LA,Acadia,0.1130527481436729,40.1
22003,LA,Allen,0.1179245263338089,40.1
22005,LA,Ascension,0.1165818199515343,40.1
22007,LA,Assumption,,40.1
22009,LA,Avoyelles,,40.1
22011,LA,Beauregard,,40.1
22013,LA,Bienville,,40.1
22015,LA,Bossier,0.1178550347685814,40.1
22017,LA,Caddo,0.1389596611261368,40.1
22019,LA,Calcasieu,0.0836161524057388,40.1
22021,LA,Caldwell,,40.1
22023,LA,Cameron,,40.1
22025,LA,Catahoula,,40.1
22027,LA,Claiborne,,40.1
22029,LA,Concordia,,40.1
22031,LA,De Soto,,40.1
22033,LA,East Baton Rouge,0.1637372076511383,40.1
22035,LA,East Carroll,,40.1
22037,LA,East Feliciana,,40.1
22039,LA,Evangeline,,40.1
22041,LA,Franklin,,40.1
22043,LA,Grant,,40.1
22045,LA,Iberia,0.1014625132083893,40.1
22047,LA,Iberville,,40.1
22049,LA,Jackson,,40.1
22051,LA,Jefferson,0.1179610788822174,40.1
22053,LA,Jefferson Davis,0.0961292013525962,40.1
22055,LA,Lafayette,0.1541469544172287,40.1
22057,LA,Lafourche,0.122955858707428,40.1
22059,LA,LaSalle,,40.1
22061,LA,Lincoln,0.0859254151582717,40.1
22063,LA,Livingston,0.0695715099573135,40.1
22065,LA,Madison,,40.1
22067,LA,Morehouse,,40.1
22069,LA,Natchitoches,,40.1
22071,LA,Orleans,0.118107408285141,40.1
22073,LA,Ouachita,0.0984000191092491,40.1
22075,LA,Plaquemines,0.1297970861196518,40.1
22077,LA,Pointe Coupee,,40.1
22079,LA,Rapides,0.0700024142861366,40.1
22081,LA,Red River,,40.1
22083,LA,Richland,,40.1
22085,LA,Sabine,,40.1
22087,LA,St. Bernard,0.0839507207274437,40.1
22089,LA,St. Charles,0.1509804278612137,40.1
22091,LA,St. Helena,,40.1
22093,LA,St. James,0.1929849982261658,40.1
22095,LA,St. John the Baptist,,40.1
22097,LA,St. Landry,0.0859528481960296,40.1
22099,LA,St. Martin,,40.1
22101,LA,St. Mary,,40.1
22103,LA,St. Tammany,0.1632212996482849,40.1
22105,LA,Tangipahoa,0.0731181204319,40.1
22107,LA,Tensas,,40.1
22109,LA,Terrebonne,0.0819231942296028,40.1
22111,LA,Union,,40.1
22113,LA,Vermilion,0.1178887784481049,40.1
22115,LA,Vernon,,40.1
22117,LA,Washington,,40.1
22119,LA,Webster,,40.1
22121,LA,West Baton Rouge,,40.1
22123,LA,West Carroll,,40.1
22125,LA,West Feliciana,,40.1
22127,LA,Winn,,40.1
23001,ME,Androscoggin,0.0829133912920951,33.1
23003,ME,Aroostook,0.0449074916541576,33.1
23005,ME,Cumberland,0.2213940471410751,33.1
23007,ME,Franklin,0.1333955824375153,33.1
23009,ME,Hancock,0.1452221870422363,33.1
23011,ME,Kennebec,0.0975966826081276,33.1
23013,ME,Knox,0.275337278842926,33.1
23015,ME,Lincoln,0.0862688720226287,33.1
23017,ME,Oxford,,33.1
23019,ME,Penobscot,0.0923147946596145,33.1
23021,ME,Piscataquis,,33.1
23023,ME,Sagadahoc,,33.1
23025,ME,Somerset,0.0592475570738315,33.1
23027,ME,Waldo,,33.1
23029,ME,Washington,,33.1
23031,ME,York,0.1100131049752235,33.1
24001,MD,Allegany,0.0713704526424408,33.2
24003,MD,Anne Arundel,0.142421543598175,33.2
24005,MD,Baltimore,0.1464860886335373,33.2
24009,MD,Calvert,0.0322331115603447,33.2
24011,MD,Caroline,0.0895736292004585,33.2
24013,MD,Carroll,0.1478485018014908,33.2
24015,MD,Cecil,0.0676858201622963,33.2
24017,MD,Charles,0.0486511476337909,33.2
24019,MD,Dorchester,0.0941826552152633,33.2
24021,MD,Frederick,0.1508517414331436,33.2
24023,MD,Garrett,0.1039789244532585,33.2
24025,MD,Harford,0.11292614787817,33.2
24027,MD,Howard,0.1492992043495178,33.2
24029,MD,Kent,0.1563151329755783,33.2
24031,MD,Montgomery,0.1454627066850662,33.2
24033,MD,Prince George's,0.0604653395712375,33.2
24035,MD,Queen Anne's,0.0977192297577858,33.2
24037,MD,St. Mary's,0.0784744545817375,33.2
24039,MD,Somerset,,33.2
24041,MD,Talbot,0.1893324702978134,33.2
24043,MD,Washington,0.0860095545649528,33.2
24045,MD,Wicomico,0.076930470764637,33.2
24047,MD,Worcester,0.1526630222797394,33.2
24510,MD,Baltimore,0.0972478836774826,33.2
25001,MA,Barnstable,0.2251787334680557,27.2
25003,MA,Berkshire,0.0963306054472923,27.2
25005,MA,Bristol,0.1482095718383789,27.2
25007,MA,Dukes,0.3436229228973389,27.2
25009,MA,Essex,0.1491286754608154,27.2
25011,MA,Franklin,0.099620021879673,27.2
25013,MA,Hampden,0.0969856828451156,27.2
25015,MA,Hampshire,0.1425022184848785,27.2
25017,MA,Middlesex,0.2255528420209885,27.2
25019,MA,Nantucket,0.5274261832237244,27.2
25021,MA,Norfolk,0.2607804536819458,27.2
25023,MA,Plymouth,0.2405783087015152,27.2
25025,MA,Suffolk,0.1783972233533859,27.2
25027,MA,Worcester,0.1205964237451553,27.2
26001,MI,Alcona,,34.5
26003,MI,Alger,,34.5
26005,MI,Allegan,0.0252255592495203,34.5
26007,MI,Alpena,,34.5
26009,MI,Antrim,,34.5
26011,MI,Arenac,,34.5
26013,MI,Baraga,,34.5
26015,MI,Barry,,34.5
26017,MI,Bay,0.058601189404726,34.5
26019,MI,Benzie,,34.5
26021,MI,Berrien,0.0980231985449791,34.5
26023,MI,Branch,0.0690862163901329,34.5
26025,MI,Calhoun,0.0524030551314353,34.5
26027,MI,Cass,,34.5
26029,MI,Charlevoix,,34.5
26031,MI,Cheboygan,,34.5
26033,MI,Chippewa,,34.5
26035,MI,Clare,,34.5
26037,MI,Clinton,,34.5
26039,MI,Crawford,,34.5
26041,MI,Delta,0.0842412635684013,34.5
26043,MI,Dickinson,0.1592863947153091,34.5
26045,MI,Eaton,0.0363147780299186,34.5
26047,MI,Emmet,0.1799532175064087,34.5
26049,MI,Genesee,0.0469374544918537,34.5
26051,MI,Gladwin,,34.5
26053,MI,Gogebic,,34.5
26055,MI,Grand Traverse,0.0854773893952369,34.5
26057,MI,Gratiot,,34.5
26059,MI,Hillsdale,0.0657059028744697,34.5
26061,MI,Houghton,0.0854068174958229,34.5
26063,MI,Huron,,34.5
26065,MI,Ingham,0.0688209906220436,34.5
26067,MI,Ionia,,34.5
26069,MI,Iosco,0.1193317398428917,34.5
26071,MI,Iron,,34.5
26073,MI,Isabella,0.0575506463646888,34.5
26075,MI,Jackson,0.0382360443472862,34.5
26077,MI,Kalamazoo,0.101508341729641,34.5
26079,MI,Kalkaska,,34.5
26081,MI,Kent,0.1138592511415482,34.5
26083,MI,Keweenaw,,34.5
26085,MI,Lake,,34.5
26087,MI,Lapeer,0.045643862336874,34.5
26089,MI,Leelanau,,34.5
26091,MI,Lenawee,0.0511205643415451,34.5
26093,MI,Livingston,0.1091844961047173,34.5
26095,MI,Luce,,34.5
26097,MI,Mackinac,,34.5
26099,MI,Macomb,0.0872769728302955,34.5
26101,MI,Manistee,,34.5
26103,MI,Marquette,0.0759485960006713,34.5
26105,MI,Mason,,34.5
26107,MI,Mecosta,0.0683262348175048,34.5
26109,MI,Menominee,,34.5
26111,MI,Midland,0.0719070956110954,34.5
26113,MI,Missaukee,,34.5
26115,MI,Monroe,0.0398491062223911,34.5
26117,MI,Montcalm,0.0630159452557563,34.5
26119,MI,Montmorency,,34.5
26121,MI,Muskegon,0.0517589412629604,34.5
26123,MI,Newaygo,0.0607927367091178,34.5
26125,MI,Oakland,0.1507827490568161,34.5
26127,MI,Oceana,,34.5
26129,MI,Ogemaw,,34.5
26131,MI,Ontonagon,,34.5
26133,MI,Osceola,,34.5
26135,MI,Oscoda,,34.5
26137,MI,Otsego,0.1211387068033218,34.5
26139,MI,Ottawa,0.1018208935856819,34.5
26141,MI,Presque Isle,,34.5
26143,MI,Roscommon,,34.5
26145,MI,Saginaw,0.084269069135189,34.5
26147,MI,St. Clair,0.0690551400184631,34.5
26149,MI,St. Joseph,,34.5
26151,MI,Sanilac,0.0736250504851341,34.5
26153,MI,Schoolcraft,,34.5
26155,MI,Shiawassee,0.0590510480105876,34.5
26157,MI,Tuscola,,34.5
26159,MI,Van Buren,0.0529983825981617,34.5
26161,MI,Washtenaw,0.1582654118537903,34.5
26163,MI,Wayne,0.0741113945841789,34.5
26165,MI,Wexford,0.1185431033372879,34.5
27001,MN,Aitkin,,33.6
27003,MN,Anoka,0.1083571091294289,33.6
27005,MN,Becker,0.1451126039028168,33.6
27007,MN,Beltrami,0.126470223069191,33.6
27009,MN,Benton,0.097661018371582,33.6
27011,MN,Big Stone,,33.6
27013,MN,Blue Earth,0.1465394645929337,33.6
27015,MN,Brown,0.2012396305799484,33.6
27017,MN,Carlton,0.0838715061545372,33.6
27019,MN,Carver,0.150143101811409,33.6
27021,MN,Cass,,33.6
27023,MN,Chippewa,,33.6
27025,MN,Chisago,0.1056449636816978,33.6
27027,MN,Clay,0.1082083806395531,33.6
27029,MN,Clearwater,,33.6
27031,MN,Cook,,33.6
27033,MN,Cottonwood,,33.6
27035,MN,Crow Wing,0.1371031552553177,33.6
27037,MN,Dakota,0.150530219078064,33.6
27039,MN,Dodge,,33.6
27041,MN,Douglas,0.1304529309272766,33.6
27043,MN,Faribault,,33.6
27045,MN,Fillmore,,33.6
27047,MN,Freeborn,,33.6
27049,MN,Goodhue,0.1079493910074234,33.6
27051,MN,Grant,,33.6
27053,MN,Hennepin,0.1923671215772629,33.6
27055,MN,Houston,,33.6
27057,MN,Hubbard,,33.6
27059,MN,Isanti,,33.6
27061,MN,Itasca,,33.6
27063,MN,Jackson,,33.6
27065,MN,Kanabec,,33.6
27067,MN,Kandiyohi,0.115928590297699,33.6
27069,MN,Kittson,,33.6
27071,MN,Koochiching,,33.6
27073,MN,Lac qui Parle,,33.6
27075,MN,Lake,,33.6
27077,MN,Lake of the Woods,,33.6
27079,MN,Le Sueur,0.1391739994287491,33.6
27081,MN,Lincoln,,33.6
27083,MN,Lyon,0.1582842022180557,33.6
27085,MN,McLeod,0.1120134443044662,33.6
27087,MN,Mahnomen,,33.6
27089,MN,Marshall,,33.6
27091,MN,Martin,0.2052966505289078,33.6
27093,MN,Meeker,,33.6
27095,MN,Mille Lacs,,33.6
27097,MN,Morrison,,33.6
27099,MN,Mower,0.0747198015451431,33.6
27101,MN,Murray,,33.6
27103,MN,Nicollet,,33.6
27105,MN,Nobles,,33.6
27107,MN,Norman,,33.6
27109,MN,Olmsted,0.1067182272672653,33.6
27111,MN,Otter Tail,,33.6
27113,MN,Pennington,,33.6
27115,MN,Pine,,33.6
27117,MN,Pipestone,,33.6
27119,MN,Polk,0.097087375819683,33.6
27121,MN,Pope,,33.6
27123,MN,Ramsey,0.1368855386972427,33.6
27125,MN,Red Lake,,33.6
27127,MN,Redwood,,33.6
27129,MN,Renville,,33.6
27131,MN,Rice,0.119253471493721,33.6
27133,MN,Rock,,33.6
27135,MN,Roseau,,33.6
27137,MN,St. Louis,0.1108100190758705,33.6
27139,MN,Scott,0.10617895424366,33.6
27141,MN,Sherburne,0.1619252860546112,33.6
27143,MN,Sibley,,33.6
27145,MN,Stearns,0.1295992285013199,33.6
27147,MN,Steele,0.0819761753082275,33.6
27149,MN,Stevens,,33.6
27151,MN,Swift,,33.6
27153,MN,Todd,0.1213003396987915,33.6
27155,MN,Traverse,,33.6
27157,MN,Wabasha,,33.6
27159,MN,Wadena,,33.6
27161,MN,Waseca,0.2156334221363068,33.6
27163,MN,Washington,0.1657400280237198,33.6
27165,MN,Watonwan,,33.6
27167,MN,Wilkin,,33.6
27169,MN,Winona,0.1386550515890121,33.6
27171,MN,Wright,0.1354733407497406,33.6
27173,MN,Yellow Medicine,,33.6
28001,MS,Adams,,39.5
28003,MS,Alcorn,0.0813250541687011,39.5
28005,MS,Amite,,39.5
28007,MS,Attala,,39.5
28009,MS,Benton,,39.5
28011,MS,Bolivar,0.1327051967382431,39.5
28013,MS,Calhoun,,39.5
28015,MS,Carroll,,39.5
28017,MS,Chickasaw,,39.5
28019,MS,Choctaw,,39.5
28021,MS,Claiborne,,39.5
28023,MS,Clarke,,39.5
28025,MS,Clay,,39.5
28027,MS,Coahoma,,39.5
28029,MS,Copiah,,39.5
28031,MS,Covington,,39.5
28033,MS,DeSoto,0.1062275916337967,39.5
28035,MS,Forrest,0.1733125299215317,39.5
28037,MS,Franklin,,39.5
28039,MS,George,,39.5
28041,MS,Greene,,39.5
28043,MS,Grenada,0.1455604135990143,39.5
28045,MS,Hancock,0.0625,39.5
28047,MS,Harrison,0.1245204731822014,39.5
28049,MS,Hinds,0.0833457633852958,39.5
28051,MS,Holmes,,39.5
28053,MS,Humphreys,,39.5
28055,MS,Issaquena,,39.5
28057,MS,Itawamba,,39.5
28059,MS,Jackson,0.0834480747580528,39.5
28061,MS,Jasper,,39.5
28063,MS,Jefferson,,39.5
28065,MS,Jefferson Davis,,39.5
28067,MS,Jones,0.0588295869529247,39.5
28069,MS,Kemper,,39.5
28071,MS,Lafayette,0.2389354556798935,39.5
28073,MS,Lamar,0.1246785596013069,39.5
28075,MS,Lauderdale,0.0542365536093711,39.5
28077,MS,Lawrence,,39.5
28079,MS,Leake,0.1319203227758408,39.5
28081,MS,Lee,0.0936044752597808,39.5
28083,MS,Leflore,0.1077044606208801,39.5
28085,MS,Lincoln,,39.5
28087,MS,Lowndes,0.1543501019477844,39.5
28089,MS,Madison,0.168427363038063,39.5
28091,MS,Marion,,39.5
28093,MS,Marshall,,39.5
28095,MS,Monroe,,39.5
28097,MS,Montgomery,,39.5
28099,MS,Neshoba,,39.5
28101,MS,Newton,,39.5
28103,MS,Noxubee,,39.5
28105,MS,Oktibbeha,0.080339029431343,39.5
28107,MS,Panola,,39.5
28109,MS,Pearl River,0.0536903142929077,39.5
28111,MS,Perry,,39.5
28113,MS,Pike,,39.5
28115,MS,Pontotoc,,39.5
28117,MS,Prentiss,,39.5
28119,MS,Quitman,,39.5
28121,MS,Rankin,0.1538708060979843,39.5
28123,MS,Scott,,39.5
28125,MS,Sharkey,,39.5
28127,MS,Simpson,,39.5
28129,MS,Smith,,39.5
28131,MS,Stone,,39.5
28133,MS,Sunflower,,39.5
28135,MS,Tallahatchie,,39.5
28137,MS,Tate,,39.5
28139,MS,Tippah,,39.5
28141,MS,Tishomingo,,39.5
28143,MS,Tunica,,39.5
28145,MS,Union,,39.5
28147,MS,Walthall,,39.5
28149,MS,Warren,0.1561071276664734,39.5
28151,MS,Washington,0.0700329169631004,39.5
28153,MS,Wayne,,39.5
28155,MS,Webster,,39.5
28157,MS,Wilkinson,,39.5
28159,MS,Winston,,39.5
28161,MS,Yalobusha,,39.5
28163,MS,Yazoo,,39.5
29001,MO,Adair,,36.4
29003,MO,Andrew,,36.4
29005,MO,Atchison,,36.4
29007,MO,Audrain,,36.4
29009,MO,Barry,,36.4
29011,MO,Barton,,36.4
29013,MO,Bates,,36.4
29015,MO,Benton,,36.4
29017,MO,Bollinger,,36.4
29019,MO,Boone,0.1694072335958481,36.4
29021,MO,Buchanan,0.0808968022465705,36.4
29023,MO,Butler,,36.4
29025,MO,Caldwell,,36.4
29027,MO,Callaway,,36.4
29029,MO,Camden,0.1508165597915649,36.4
29031,MO,Cape Girardeau,0.0377301536500453,36.4
29033,MO,Carroll,,36.4
29035,MO,Carter,,36.4
29037,MO,Cass,0.0749021619558334,36.4
29039,MO,Cedar,,36.4
29041,MO,Chariton,,36.4
29043,MO,Christian,0.088246650993824,36.4
29045,MO,Clark,,36.4
29047,MO,Clay,0.1025790721178055,36.4
29049,MO,Clinton,,36.4
29051,MO,Cole,0.1706238240003586,36.4
29053,MO,Cooper,0.1754180788993835,36.4
29055,MO,Crawford,,36.4
29057,MO,Dade,,36.4
29059,MO,Dallas,,36.4
29061,MO,Daviess,,36.4
29063,MO,DeKalb,,36.4
29065,MO,Dent,,36.4
29067,MO,Douglas,,36.4
29069,MO,Dunklin,,36.4
29071,MO,Franklin,0.1340110450983047,36.4
29073,MO,Gasconade,,36.4
29075,MO,Gentry,,36.4
29077,MO,Greene,0.1118655428290367,36.4
29079,MO,Grundy,,36.4
29081,MO,Harrison,,36.4
29083,MO,Henry,,36.4
29085,MO,Hickory,,36.4
29087,MO,Holt,,36.4
29089,MO,Howard,,36.4
29091,MO,Howell,0.0745119452476501,36.4
29093,MO,Iron,,36.4
29095,MO,Jackson,0.1005772575736046,36.4
29097,MO,Jasper,0.0657635107636451,36.4
29099,MO,Jefferson,0.0794551149010658,36.4
29101,MO,Johnson,,36.4
29103,MO,Knox,,36.4
29105,MO,Laclede,,36.4
29107,MO,Lafayette,,36.4
29109,MO,Lawrence,0.078585460782051,36.4
29111,MO,Lewis,,36.4
29113,MO,Lincoln,,36.4
29115,MO,Linn,,36.4
29117,MO,Livingston,,36.4
29119,MO,McDonald,,36.4
29121,MO,Macon,0.1987413018941879,36.4
29123,MO,Madison,,36.4
29125,MO,Maries,,36.4
29127,MO,Marion,0.1055483222007751,36.4
29129,MO,Mercer,,36.4
29131,MO,Miller,,36.4
29133,MO,Mississippi,,36.4
29135,MO,Moniteau,0.1924927830696106,36.4
29137,MO,Monroe,,36.4
29139,MO,Montgomery,,36.4
29141,MO,Morgan,,36.4
29143,MO,New Madrid,,36.4
29145,MO,Newton,,36.4
29147,MO,Nodaway,,36.4
29149,MO,Oregon,,36.4
29151,MO,Osage,,36.4
29153,MO,Ozark,,36.4
29155,MO,Pemiscot,,36.4
29157,MO,Perry,,36.4
29159,MO,Pettis,0.0941397994756698,36.4
29161,MO,Phelps,0.1350925415754318,36.4
29163,MO,Pike,,36.4
29165,MO,Platte,0.1408027708530426,36.4
29167,MO,Polk,,36.4
29169,MO,Pulaski,0.0569162778556346,36.4
29171,MO,Putnam,,36.4
29173,MO,Ralls,,36.4
29175,MO,Randolph,,36.4
29177,MO,Ray,,36.4
29179,MO,Reynolds,,36.4
29181,MO,Ripley,,36.4
29183,MO,St. Charles,0.1206290423870087,36.4
29185,MO,St. Clair,,36.4
29186,MO,Ste. Genevieve,,36.4
29187,MO,St. Francois,,36.4
29189,MO,St. Louis,0.1690106838941574,36.4
29195,MO,Saline,,36.4
29197,MO,Schuyler,,36.4
29199,MO,Scotland,,36.4
29201,MO,Scott,0.0783535316586494,36.4
29203,MO,Shannon,,36.4
29205,MO,Shelby,,36.4
29207,MO,Stoddard,,36.4
29209,MO,Stone,0.0924072042107582,36.4
29211,MO,Sullivan,,36.4
29213,MO,Taney,0.0891202017664909,36.4
29215,MO,Texas,,36.4
29217,MO,Vernon,,36.4
29219,MO,Warren,,36.4
29221,MO,Washington,,36.4
29223,MO,Wayne,,36.4
29225,MO,Webster,0.0752653107047081,36.4
29227,MO,Worth,,36.4
29229,MO,Wright,,36.4
29510,MO,St. Louis,0.1579062342643738,36.4
30001,MT,Beaverhead,,30.5
30003,MT,Big Horn,,30.5
30005,MT,Blaine,,30.5
30007,MT,Broadwater,,30.5
30009,MT,Carbon,,30.5
30011,MT,Carter,,30.5
30013,MT,Cascade,0.1598111838102341,30.5
30015,MT,Chouteau,,30.5
30017,MT,Custer,,30.5
30019,MT,Daniels,,30.5
30021,MT,Dawson,,30.5
30023,MT,Deer Lodge,,30.5
30025,MT,Fallon,,30.5
30027,MT,Fergus,,30.5
30029,MT,Flathead,0.1606031060218811,30.5
30031,MT,Gallatin,0.2568361163139343,30.5
30033,MT,Garfield,,30.5
30035,MT,Glacier,,30.5
30037,MT,Golden Valley,,30.5
30039,MT,Granite,,30.5
30041,MT,Hill,0.183396503329277,30.5
30043,MT,Jefferson,,30.5
30045,MT,Judith Basin,,30.5
30047,MT,Lake,,30.5
30049,MT,Lewis and Clark,0.2278261184692383,30.5
30051,MT,Liberty,,30.5
30053,MT,Lincoln,0.1474708765745163,30.5
30055,MT,McCone,,30.5
30057,MT,Madison,,30.5
30059,MT,Meagher,,30.5
30061,MT,Mineral,,30.5
30063,MT,Missoula,0.2713146507740021,30.5
30065,MT,Musselshell,,30.5
30067,MT,Park,,30.5
30069,MT,Petroleum,,30.5
30071,MT,Phillips,,30.5
30073,MT,Pondera,,30.5
30075,MT,Powder River,,30.5
30077,MT,Powell,,30.5
30079,MT,Prairie,,30.5
30081,MT,Ravalli,0.1111061722040176,30.5
30083,MT,Richland,,30.5
30085,MT,Roosevelt,,30.5
30087,MT,Rosebud,,30.5
30089,MT,Sanders,,30.5
30091,MT,Sheridan,,30.5
30093,MT,Silver Bow,0.1705514490604401,30.5
30095,MT,Stillwater,,30.5
30097,MT,Sweet Grass,,30.5
30099,MT,Teton,,30.5
30101,MT,Toole,,30.5
30103,MT,Treasure,,30.5
30105,MT,Valley,,30.5
30107,MT,Wheatland,,30.5
30109,MT,Wibaux,,30.5
30111,MT,Yellowstone,0.2331431359052658,30.5
31001,NE,Adams,0.1596373021602631,35.3
31003,NE,Antelope,,35.3
31005,NE,Arthur,,35.3
31007,NE,Banner,,35.3
31009,NE,Blaine,,35.3
31011,NE,Boone,,35.3
31013,NE,Box Butte,,35.3
31015,NE,Boyd,,35.3
31017,NE,Brown,,35.3
31019,NE,Buffalo,0.0997725203633308,35.3
31021,NE,Burt,,35.3
31023,NE,Butler,,35.3
31025,NE,Cass,,35.3
31027,NE,Cedar,,35.3
31029,NE,Chase,,35.3
31031,NE,Cherry,,35.3
31033,NE,Cheyenne,,35.3
31035,NE,Clay,,35.3
31037,NE,Colfax,,35.3
31039,NE,Cuming,,35.3
31041,NE,Custer,,35.3
31043,NE,Dakota,0.1494768261909485,35.3
31045,NE,Dawes,,35.3
31047,NE,Dawson,0.1701403707265854,35.3
31049,NE,Deuel,,35.3
31051,NE,Dixon,,35.3
31053,NE,Dodge,0.0828225910663604,35.3
31055,NE,Douglas,0.2071972340345383,35.3
31057,NE,Dundy,,35.3
31059,NE,Fillmore,,35.3
31061,NE,Franklin,,35.3
31063,NE,Frontier,,35.3
31065,NE,Furnas,,35.3
31067,NE,Gage,,35.3
31069,NE,Garden,,35.3
31071,NE,Garfield,,35.3
31073,NE,Gosper,,35.3
31075,NE,Grant,,35.3
31077,NE,Greeley,,35.3
31079,NE,Hall,0.1147014498710632,35.3
31081,NE,Hamilton,,35.3
31083,NE,Harlan,,35.3
31085,NE,Hayes,,35.3
31087,NE,Hitchcock,,35.3
31089,NE,Holt,,35.3
31091,NE,Hooker,,35.3
31093,NE,Howard,,35.3
31095,NE,Jefferson,,35.3
31097,NE,Johnson,,35.3
31099,NE,Kearney,,35.3
31101,NE,Keith,,35.3
31103,NE,Keya Paha,,35.3
31105,NE,Kimball,,35.3
31107,NE,Knox,,35.3
31109,NE,Lancaster,0.1528145968914032,35.3
31111,NE,Lincoln,0.1455731242895126,35.3
31113,NE,Logan,,35.3
31115,NE,Loup,,35.3
31117,NE,McPherson,,35.3
31119,NE,Madison,0.114899605512619,35.3
31121,NE,Merrick,,35.3
31123,NE,Morrill,,35.3
31125,NE,Nance,,35.3
31127,NE,Nemaha,,35.3
31129,NE,Nuckolls,,35.3
31131,NE,Otoe,,35.3
31133,NE,Pawnee,,35.3
31135,NE,Perkins,,35.3
31137,NE,Phelps,,35.3
31139,NE,Pierce,,35.3
31141,NE,Platte,0.089917279779911,35.3
31143,NE,Polk,,35.3
31145,NE,Red Willow,,35.3
31147,NE,Richardson,,35.3
31149,NE,Rock,,35.3
31151,NE,Saline,,35.3
31153,NE,Sarpy,0.137671023607254,35.3
31155,NE,Saunders,,35.3
31157,NE,Scotts Bluff,0.1983059048652649,35.3
31159,NE,Seward,,35.3
31161,NE,Sheridan,,35.3
31163,NE,Sherman,,35.3
31165,NE,Sioux,,35.3
31167,NE,Stanton,,35.3
31169,NE,Thayer,,35.3
31171,NE,Thomas,,35.3
31173,NE,Thurston,,35.3
31175,NE,Valley,,35.3
31177,NE,Washington,,35.3
31179,NE,Wayne,,35.3
31181,NE,Webster,,35.3
31183,NE,Wheeler,,35.3
31185,NE,York,,35.3
32001,NV,Churchill,0.1971375644207001,33.5
32003,NV,Clark,0.0945610925555229,33.5
32005,NV,Douglas,0.2648304998874664,33.5
32007,NV,Elko,0.0565973669290542,33.5
32009,NV,Esmeralda,,33.5
32011,NV,Eureka,,33.5
32013,NV,Humboldt,0.2358212471008301,33.5
32015,NV,Lander,,33.5
32017,NV,Lincoln,,33.5
32019,NV,Lyon,0.1028824225068092,33.5
32021,NV,Mineral,,33.5
32023,NV,Nye,0.1040496081113815,33.5
32027,NV,Pershing,,33.5
32029,NV,Storey,,33.5
32031,NV,Washoe,0.1572056859731674,33.5
32033,NV,White Pine,,33.5
32510,NV,Carson City,0.1249241530895233,33.5
33001,NH,Belknap,0.162466898560524,30.2
33003,NH,Carroll,0.2440661489963531,30.2
33005,NH,Cheshire,0.0787112340331077,30.2
33007,NH,Coos,0.1924680769443512,30.2
33009,NH,Grafton,0.2315555065870285,30.2
33011,NH,Hillsborough,0.1934397667646408,30.2
33013,NH,Merrimack,0.1441469788551331,30.2
33015,NH,Rockingham,0.3083772659301758,30.2
33017,NH,Strafford,0.0912318602204322,30.2
33019,NH,Sullivan,,30.2
34001,NJ,Atlantic,0.1216984540224075,29.1
34003,NJ,Bergen,0.2375337779521942,29.1
34005,NJ,Burlington,0.1724153310060501,29.1
34007,NJ,Camden,0.1302265673875809,29.1
34009,NJ,Cape May,0.1856989860534668,29.1
34011,NJ,Cumberland,0.1428493708372116,29.1
34013,NJ,Essex,0.1399123817682266,29.1
34015,NJ,Gloucester,0.1534553021192551,29.1
34017,NJ,Hudson,0.1593053638935089,29.1
34019,NJ,Hunterdon,0.2403903901576996,29.1
34021,NJ,Mercer,0.196057602763176,29.1
34023,NJ,Middlesex,0.1312693208456039,29.1
34025,NJ,Monmouth,0.2635915279388428,29.1
34027,NJ,Morris,0.2810092568397522,29.1
34029,NJ,Ocean,0.0960541293025016,29.1
34031,NJ,Passaic,0.0919297635555267,29.1
34033,NJ,Salem,0.0960753262042999,29.1
34035,NJ,Somerset,0.245953157544136,29.1
34037,NJ,Sussex,0.1499978601932526,29.1
34039,NJ,Union,0.185453936457634,29.1
34041,NJ,Warren,0.1704158186912537,29.1
35001,NM,Bernalillo,0.1217605099081993,32.4
35003,NM,Catron,,32.4
35005,NM,Chaves,0.1081732660531998,32.4
35006,NM,Cibola,0.1138347089290619,32.4
35007,NM,Colfax,,32.4
35009,NM,Curry,0.0819789692759513,32.4
35011,NM,De Baca,,32.4
35013,NM,Doña Ana,0.0587538741528987,32.4
35015,NM,Eddy,0.119826078414917,32.4
35017,NM,Grant,,32.4
35019,NM,Guadalupe,,32.4
35021,NM,Harding,,32.4
35023,NM,Hidalgo,,32.4
35025,NM,Lea,,32.4
35027,NM,Lincoln,0.2507648468017578,32.4
35028,NM,Los Alamos,0.359675258398056,32.4
35029,NM,Luna,0.1673290133476257,32.4
35031,NM,McKinley,,32.4
35033,NM,Mora,,32.4
35035,NM,Otero,0.0588520914316177,32.4
35037,NM,Quay,,32.4
35039,NM,Rio Arriba,,32.4
35041,NM,Roosevelt,,32.4
35043,NM,Sandoval,0.0671573653817176,32.4
35045,NM,San Juan,0.0648760870099067,32.4
35047,NM,San Miguel,,32.4
35049,NM,Santa Fe,0.1316257119178772,32.4
35051,NM,Sierra,,32.4
35053,NM,Socorro,,32.4
35055,NM,Taos,0.1227257400751114,32.4
35057,NM,Torrance,,32.4
35059,NM,Union,,32.4
35061,NM,Valencia,0.0902364179491996,32.4
36001,NY,Albany,0.181127205491066,30.1
36003,NY,Allegany,,30.1
36005,NY,Bronx,0.0413948036730289,30.1
36007,NY,Broome,0.1003061980009079,30.1
36009,NY,Cattaraugus,0.0922715961933136,30.1
36011,NY,Cayuga,0.0526115037500858,30.1
36013,NY,Chautauqua,0.0714104324579238,30.1
36015,NY,Chemung,0.1089298278093338,30.1
36017,NY,Chenango,0.0855981186032295,30.1
36019,NY,Clinton,0.0376043505966663,30.1
36021,NY,Columbia,0.1175798699259758,30.1
36023,NY,Cortland,0.1271913945674896,30.1
36025,NY,Delaware,0.0682780295610427,30.1
36027,NY,Dutchess,0.1125154718756676,30.1
36029,NY,Erie,0.1493609696626663,30.1
36031,NY,Essex,0.0813206508755683,30.1
36033,NY,Franklin,0.060042031109333,30.1
36035,NY,Fulton,0.0757403597235679,30.1
36037,NY,Genesee,0.052637118846178,30.1
36039,NY,Greene,0.0847870782017707,30.1
36041,NY,Hamilton,,30.1
36043,NY,Herkimer,0.0820411816239357,30.1
36045,NY,Jefferson,0.0370044857263565,30.1
36047,NY,Kings,0.0831057429313659,30.1
36049,NY,Lewis,,30.1
36051,NY,Livingston,0.0801307708024978,30.1
36053,NY,Madison,0.0709441229701042,30.1
36055,NY,Monroe,0.1403698176145554,30.1
36057,NY,Montgomery,,30.1
36059,NY,Nassau,0.1938824951648712,30.1
36061,NY,New York,0.3678685128688812,30.1
36063,NY,Niagara,0.1103667989373207,30.1
36065,NY,Oneida,0.0879716351628303,30.1
36067,NY,Onondaga,0.1567896455526352,30.1
36069,NY,Ontario,0.1090007349848747,30.1
36071,NY,Orange,0.1090246438980103,30.1
36073,NY,Orleans,,30.1
36075,NY,Oswego,0.1117356866598129,30.1
36077,NY,Otsego,0.1192483976483345,30.1
36079,NY,Putnam,0.17253278195858,30.1
36081,NY,Queens,0.0691879540681839,30.1
36083,NY,Rensselaer,0.0252991616725921,30.1
36085,NY,Richmond,0.1072945594787598,30.1
36087,NY,Rockland,0.1563338190317154,30.1
36089,NY,St. Lawrence,,30.1
36091,NY,Saratoga,0.1432926058769226,30.1
36093,NY,Schenectady,0.1158614307641983,30.1
36095,NY,Schoharie,,30.1
36097,NY,Schuyler,,30.1
36099,NY,Seneca,,30.1
36101,NY,Steuben,0.0633867532014846,30.1
36103,NY,Suffolk,0.169575110077858,30.1
36105,NY,Sullivan,0.0659613236784935,30.1
36107,NY,Tioga,,30.1
36109,NY,Tompkins,0.1484296172857285,30.1
36111,NY,Ulster,0.1237930208444595,30.1
36113,NY,Warren,0.1411631852388382,30.1
36115,NY,Washington,0.0660000666975975,30.1
36117,NY,Wayne,0.0671599209308624,30.1
36119,NY,Westchester,0.2381440550088882,30.1
36121,NY,Wyoming,0.1013556346297264,30.1
36123,NY,Yates,,30.1
37001,NC,Alamance,0.1167228892445564,34.1
37003,NC,Alexander,,34.1
37005,NC,Alleghany,,34.1
37007,NC,Anson,,34.1
37009,NC,Ashe,,34.1
37011,NC,Avery,,34.1
37013,NC,Beaufort,0.1062180027365685,34.1
37015,NC,Bertie,,34.1
37017,NC,Bladen,,34.1
37019,NC,Brunswick,0.0805158391594886,34.1
37021,NC,Buncombe,0.1745882928371429,34.1
37023,NC,Burke,0.0442389771342277,34.1
37025,NC,Cabarrus,0.1625436246395111,34.1
37027,NC,Caldwell,0.0730816051363945,34.1
37029,NC,Camden,,34.1
37031,NC,Carteret,0.1150119304656982,34.1
37033,NC,Caswell,,34.1
37035,NC,Catawba,0.1060465201735497,34.1
37037,NC,Chatham,0.1320166885852814,34.1
37039,NC,Cherokee,,34.1
37041,NC,Chowan,,34.1
37043,NC,Clay,,34.1
37045,NC,Cleveland,0.0706820785999298,34.1
37047,NC,Columbus,,34.1
37049,NC,Craven,0.098782017827034,34.1
37051,NC,Cumberland,0.0772972106933593,34.1
37053,NC,Currituck,,34.1
37055,NC,Dare,0.1331664323806763,34.1
37057,NC,Davidson,0.1004526242613792,34.1
37059,NC,Davie,0.0924086272716522,34.1
37061,NC,Duplin,,34.1
37063,NC,Durham,0.1466517597436905,34.1
37065,NC,Edgecombe,,34.1
37067,NC,Forsyth,0.1589191406965256,34.1
37069,NC,Franklin,0.0695807039737701,34.1
37071,NC,Gaston,0.0838600322604179,34.1
37073,NC,Gates,,34.1
37075,NC,Graham,,34.1
37077,NC,Granville,0.099196508526802,34.1
37079,NC,Greene,,34.1
37081,NC,Guilford,0.1239544823765755,34.1
37083,NC,Halifax,,34.1
37085,NC,Harnett,0.0583694502711296,34.1
37087,NC,Haywood,,34.1
37089,NC,Henderson,0.0844273716211319,34.1
37091,NC,Hertford,,34.1
37093,NC,Hoke,0.0716460719704628,34.1
37095,NC,Hyde,,34.1
37097,NC,Iredell,0.1991710215806961,34.1
37099,NC,Jackson,0.0681307166814804,34.1
37101,NC,Johnston,0.1109847128391266,34.1
37103,NC,Jones,,34.1
37105,NC,Lee,0.1764149218797684,34.1
37107,NC,Lenoir,0.1256281435489655,34.1
37109,NC,Lincoln,0.1135112419724464,34.1
37111,NC,McDowell,0.1528985202312469,34.1
37113,NC,Macon,0.1111296340823174,34.1
37115,NC,Madison,,34.1
37117,NC,Martin,,34.1
37119,NC,Mecklenburg,0.2329608649015427,34.1
37121,NC,Mitchell,,34.1
37123,NC,Montgomery,,34.1
37125,NC,Moore,0.0870810449123382,34.1
37127,NC,Nash,0.0421678498387336,34.1
37129,NC,New Hanover,0.1479208618402481,34.1
37131,NC,Northampton,,34.1
37133,NC,Onslow,0.0686466321349144,34.1
37135,NC,Orange,0.1878224015235901,34.1
37137,NC,Pamlico,,34.1
37139,NC,Pasquotank,0.0743089243769645,34.1
37141,NC,Pender,0.1391659379005432,34.1
37143,NC,Perquimans,,34.1
37145,NC,Person,0.2003757059574127,34.1
37147,NC,Pitt,0.1421355307102203,34.1
37149,NC,Polk,,34.1
37151,NC,Randolph,0.0830122381448745,34.1
37153,NC,Richmond,0.0902282744646072,34.1
37155,NC,Robeson,0.076923668384552,34.1
37157,NC,Rockingham,0.0766829177737236,34.1
37159,NC,Rowan,0.0982490628957748,34.1
37161,NC,Rutherford,0.0745423138141632,34.1
37163,NC,Sampson,,34.1
37165,NC,Scotland,,34.1
37167,NC,Stanly,0.2530084252357483,34.1
37169,NC,Stokes,0.0655838027596473,34.1
37171,NC,Surry,0.0418509282171726,34.1
37173,NC,Swain,,34.1
37175,NC,Transylvania,0.2029103189706802,34.1
37177,NC,Tyrrell,,34.1
37179,NC,Union,0.143112987279892,34.1
37181,NC,Vance,0.0894494354724884,34.1
37183,NC,Wake,0.1872343271970749,34.1
37185,NC,Warren,,34.1
37187,NC,Washington,,34.1
37189,NC,Watauga,,34.1
37191,NC,Wayne,0.0887332931160926,34.1
37193,NC,Wilkes,0.0440897680819034,34.1
37195,NC,Wilson,0.0731894746422767,34.1
37197,NC,Yadkin,0.0797342211008071,34.1
37199,NC,Yancey,,34.1
38001,ND,Adams,,35.4
38003,ND,Barnes,,35.4
38005,ND,Benson,,35.4
38007,ND,Billings,,35.4
38009,ND,Bottineau,,35.4
38011,ND,Bowman,,35.4
38013,ND,Burke,,35.4
38015,ND,Burleigh,0.1351182758808136,35.4
38017,ND,Cass,0.1740038245916367,35.4
38019,ND,Cavalier,,35.4
38021,ND,Dickey,,35.4
38023,ND,Divide,,35.4
38025,ND,Dunn,,35.4
38027,ND,Eddy,,35.4
38029,ND,Emmons,,35.4
38031,ND,Foster,,35.4
38033,ND,Golden Valley,,35.4
38035,ND,Grand Forks,0.1295318156480789,35.4
38037,ND,Grant,,35.4
38039,ND,Griggs,,35.4
38041,ND,Hettinger,,35.4
38043,ND,Kidder,,35.4
38045,ND,LaMoure,,35.4
38047,ND,Logan,,35.4
38049,ND,McHenry,,35.4
38051,ND,McIntosh,,35.4
38053,ND,McKenzie,,35.4
38055,ND,McLean,,35.4
38057,ND,Mercer,0.3670173585414886,35.4
38059,ND,Morton,0.0952290222048759,35.4
38061,ND,Mountrail,,35.4
38063,ND,Nelson,,35.4
38065,ND,Oliver,,35.4
38067,ND,Pembina,,35.4
38069,ND,Pierce,,35.4
38071,ND,Ramsey,,35.4
38073,ND,Ransom,,35.4
38075,ND,Renville,,35.4
38077,ND,Richland,,35.4
38079,ND,Rolette,,35.4
38081,ND,Sargent,,35.4
38083,ND,Sheridan,,35.4
38085,ND,Sioux,,35.4
38087,ND,Slope,,35.4
38089,ND,Stark,0.0934375673532486,35.4
38091,ND,Steele,,35.4
38093,ND,Stutsman,,35.4
38095,ND,Towner,,35.4
38097,ND,Traill,,35.4
38099,ND,Walsh,,35.4
38101,ND,Ward,0.1168463155627251,35.4
38103,ND,Wells,,35.4
38105,ND,Williams,0.1550387591123581,35.4
39001,OH,Adams,,38.1
39003,OH,Allen,0.1078642904758453,38.1
39005,OH,Ashland,0.056219782680273,38.1
39007,OH,Ashtabula,0.0828903913497924,38.1
39009,OH,Athens,,38.1
39011,OH,Auglaize,0.1532399356365204,38.1
39013,OH,Belmont,0.0910028517246246,38.1
39015,OH,Brown,,38.1
39017,OH,Butler,0.1140936836600304,38.1
39019,OH,Carroll,,38.1
39021,OH,Champaign,0.1026694029569626,38.1
39023,OH,Clark,0.0523979552090168,38.1
39025,OH,Clermont,0.0771273896098136,38.1
39027,OH,Clinton,,38.1
39029,OH,Columbiana,0.0692260563373565,38.1
39031,OH,Coshocton,0.0823067873716354,38.1
39033,OH,Crawford,0.1209540888667107,38.1
39035,OH,Cuyahoga,0.1327487975358963,38.1
39037,OH,Darke,0.0976467132568359,38.1
39039,OH,Defiance,,38.1
39041,OH,Delaware,0.1919889152050018,38.1
39043,OH,Erie,0.0678251162171363,38.1
39045,OH,Fairfield,0.1064435914158821,38.1
39047,OH,Fayette,0.1749536395072937,38.1
39049,OH,Franklin,0.1321129649877548,38.1
39051,OH,Fulton,0.095490463078022,38.1
39053,OH,Gallia,,38.1
39055,OH,Geauga,0.1715431362390518,38.1
39057,OH,Greene,0.0881720185279846,38.1
39059,OH,Guernsey,,38.1
39061,OH,Hamilton,0.1650397032499313,38.1
39063,OH,Hancock,0.1060909479856491,38.1
39065,OH,Hardin,0.0953319147229194,38.1
39067,OH,Harrison,,38.1
39069,OH,Henry,,38.1
39071,OH,Highland,0.092370219528675,38.1
39073,OH,Hocking,0.1067805662751198,38.1
39075,OH,Holmes,,38.1
39077,OH,Huron,,38.1
39079,OH,Jackson,0.1231034398078918,38.1
39081,OH,Jefferson,0.0615962669253349,38.1
39083,OH,Knox,,38.1
39085,OH,Lake,0.1132557094097137,38.1
39087,OH,Lawrence,,38.1
39089,OH,Licking,0.0673778802156448,38.1
39091,OH,Logan,0.088249571621418,38.1
39093,OH,Lorain,0.0800840556621551,38.1
39095,OH,Lucas,0.1074028611183167,38.1
39097,OH,Madison,,38.1
39099,OH,Mahoning,0.0928895249962806,38.1
39101,OH,Marion,,38.1
39103,OH,Medina,0.1160785332322121,38.1
39105,OH,Meigs,,38.1
39107,OH,Mercer,,38.1
39109,OH,Miami,0.1302131712436676,38.1
39111,OH,Monroe,,38.1
39113,OH,Montgomery,0.1222700849175453,38.1
39115,OH,Morgan,,38.1
39117,OH,Morrow,,38.1
39119,OH,Muskingum,0.0581260174512863,38.1
39121,OH,Noble,,38.1
39123,OH,Ottawa,0.0745286047458648,38.1
39125,OH,Paulding,,38.1
39127,OH,Perry,,38.1
39129,OH,Pickaway,0.0511439181864261,38.1
39131,OH,Pike,,38.1
39133,OH,Portage,0.0553563423454761,38.1
39135,OH,Preble,,38.1
39137,OH,Putnam,,38.1
39139,OH,Richland,0.0827191472053527,38.1
39141,OH,Ross,0.0523423179984092,38.1
39143,OH,Sandusky,0.0856883376836776,38.1
39145,OH,Scioto,,38.1
39147,OH,Seneca,0.0728093460202217,38.1
39149,OH,Shelby,0.1034404262900352,38.1
39151,OH,Stark,0.0892441794276237,38.1
39153,OH,Summit,0.1391811668872833,38.1
39155,OH,Trumbull,0.035569105297327,38.1
39157,OH,Tuscarawas,0.0326882861554622,38.1
39159,OH,Union,0.0999650135636329,38.1
39161,OH,Van Wert,0.1065378710627556,38.1
39163,OH,Vinton,,38.1
39165,OH,Warren,0.1216381713747978,38.1
39167,OH,Washington,0.117347277700901,38.1
39169,OH,Wayne,0.0691479220986366,38.1
39171,OH,Williams,0.0820456743240356,38.1
39173,OH,Wood,0.1296591460704803,38.1
39175,OH,Wyandot,,38.1
40001,OK,Adair,,40.0
40003,OK,Alfalfa,,40.0
40005,OK,Atoka,,40.0
40007,OK,Beaver,,40.0
40009,OK,Beckham,,40.0
40011,OK,Blaine,,40.0
40013,OK,Bryan,0.081635981798172,40.0
40015,OK,Caddo,,40.0
40017,OK,Canadian,0.1044440940022469,40.0
40019,OK,Carter,0.0827249586582183,40.0
40021,OK,Cherokee,0.0612007603049278,40.0
40023,OK,Choctaw,,40.0
40025,OK,Cimarron,,40.0
40027,OK,Cleveland,0.1149561405181885,40.0
40029,OK,Coal,,40.0
40031,OK,Comanche,0.0578039437532424,40.0
40033,OK,Cotton,,40.0
40035,OK,Craig,,40.0
40037,OK,Creek,0.0559557937085628,40.0
40039,OK,Custer,0.1396258026361465,40.0
40041,OK,Delaware,0.0927299708127975,40.0
40043,OK,Dewey,,40.0
40045,OK,Ellis,,40.0
40047,OK,Garfield,0.1150010675191879,40.0
40049,OK,Garvin,,40.0
40051,OK,Grady,0.089435838162899,40.0
40053,OK,Grant,,40.0
40055,OK,Greer,,40.0
40057,OK,Harmon,,40.0
40059,OK,Harper,,40.0
40061,OK,Haskell,,40.0
40063,OK,Hughes,,40.0
40065,OK,Jackson,0.1234313920140266,40.0
40067,OK,Jefferson,,40.0
40069,OK,Johnston,,40.0
40071,OK,Kay,,40.0
40073,OK,Kingfisher,,40.0
40075,OK,Kiowa,,40.0
40077,OK,Latimer,,40.0
40079,OK,Le Flore,,40.0
40081,OK,Lincoln,,40.0
40083,OK,Logan,,40.0
40085,OK,Love,,40.0
40087,OK,McClain,,40.0
40089,OK,McCurtain,,40.0
40091,OK,McIntosh,,40.0
40093,OK,Major,,40.0
40095,OK,Marshall,,40.0
40097,OK,Mayes,,40.0
40099,OK,Murray,,40.0
40101,OK,Muskogee,0.0591628439724445,40.0
40103,OK,Noble,,40.0
40105,OK,Nowata,,40.0
40107,OK,Okfuskee,,40.0
40109,OK,Oklahoma,0.116909459233284,40.0
40111,OK,Okmulgee,,40.0
40113,OK,Osage,,40.0
40115,OK,Ottawa,,40.0
40117,OK,Pawnee,,40.0
40119,OK,Payne,0.1223166808485985,40.0
40121,OK,Pittsburg,,40.0
40123,OK,Pontotoc,0.0781311020255088,40.0
40125,OK,Pottawatomie,0.0958930402994155,40.0
40127,OK,Pushmataha,,40.0
40129,OK,Roger Mills,,40.0
40131,OK,Rogers,0.0429391860961914,40.0
40133,OK,Seminole,,40.0
40135,OK,Sequoyah,0.0722230225801467,40.0
40137,OK,Stephens,0.069605566561222,40.0
40139,OK,Texas,,40.0
40141,OK,Tillman,,40.0
40143,OK,Tulsa,0.1444671303033829,40.0
40145,OK,Wagoner,,40.0
40147,OK,Washington,0.1340431272983551,40.0
40149,OK,Washita,,40.0
40151,OK,Woods,,40.0
40153,OK,Woodward,,40.0
41001,OR,Baker,,30.9
41003,OR,Benton,0.2145025134086609,30.9
41005,OR,Clackamas,0.1565479785203934,30.9
41007,OR,Clatsop,0.0989535674452781,30.9
41009,OR,Columbia,0.1134730279445648,30.9
41011,OR,Coos,0.0772666186094284,30.9
41013,OR,Crook,,30.9
41015,OR,Curry,0.1716369837522507,30.9
41017,OR,Deschutes,0.1833780258893967,30.9
41019,OR,Douglas,0.0897956266999244,30.9
41021,OR,Gilliam,,30.9
41023,OR,Grant,,30.9
41025,OR,Harney,,30.9
41027,OR,Hood River,0.2147766351699829,30.9
41029,OR,Jackson,0.1532608568668365,30.9
41031,OR,Jefferson,0.1206952035427094,30.9
41033,OR,Josephine,0.0908543691039085,30.9
41035,OR,Klamath,0.1163822561502457,30.9
41037,OR,Lake,,30.9
41039,OR,Lane,0.1148867085576057,30.9
41041,OR,Lincoln,0.0790779516100883,30.9
41043,OR,Linn,0.0991957485675811,30.9
41045,OR,Malheur,,30.9
41047,OR,Marion,0.1059552580118179,30.9
41049,OR,Morrow,,30.9
41051,OR,Multnomah,0.1238295957446098,30.9
41053,OR,Polk,0.1253646910190582,30.9
41055,OR,Sherman,,30.9
41057,OR,Tillamook,,30.9
41059,OR,Umatilla,0.0771684348583221,30.9
41061,OR,Union,0.1129900962114334,30.9
41063,OR,Wallowa,,30.9
41065,OR,Wasco,,30.9
41067,OR,Washington,0.1706671267747879,30.9
41069,OR,Wheeler,,30.9
41071,OR,Yamhill,0.0278644673526287,30.9
42001,PA,Adams,0.0583987087011337,33.4
42003,PA,Allegheny,0.1766612380743027,33.4
42005,PA,Armstrong,0.0779277458786964,33.4
42007,PA,Beaver,0.0615100711584091,33.4
42009,PA,Bedford,0.0627391934394836,33.4
42011,PA,Berks,0.1116344481706619,33.4
42013,PA,Blair,0.0826398506760597,33.4
42015,PA,Bradford,0.099633015692234,33.4
42017,PA,Bucks,0.1767552495002747,33.4
42019,PA,Butler,0.1691913157701492,33.4
42021,PA,Cambria,0.0699452906847,33.4
42023,PA,Cameron,,33.4
42025,PA,Carbon,0.1092367470264435,33.4
42027,PA,Centre,0.1671867966651917,33.4
42029,PA,Chester,0.1670593172311783,33.4
42031,PA,Clarion,,33.4
42033,PA,Clearfield,0.0763242244720459,33.4
42035,PA,Clinton,,33.4
42037,PA,Columbia,0.1079547181725502,33.4
42039,PA,Crawford,0.0716871544718742,33.4
42041,PA,Cumberland,0.1367951631546021,33.4
42043,PA,Dauphin,0.1071910932660103,33.4
42045,PA,Delaware,0.167621523141861,33.4
42047,PA,Elk,0.1351031810045242,33.4
42049,PA,Erie,0.0894101187586784,33.4
42051,PA,Fayette,0.0702433511614799,33.4
42053,PA,Forest,,33.4
42055,PA,Franklin,0.0963781103491783,33.4
42057,PA,Fulton,,33.4
42059,PA,Greene,,33.4
42061,PA,Huntingdon,0.0672796592116355,33.4
42063,PA,Indiana,0.0717154368758201,33.4
42065,PA,Jefferson,,33.4
42067,PA,Juniata,,33.4
42069,PA,Lackawanna,0.1100536361336708,33.4
42071,PA,Lancaster,0.111682340502739,33.4
42073,PA,Lawrence,0.0705193728208541,33.4
42075,PA,Lebanon,0.0988260880112648,33.4
42077,PA,Lehigh,0.1024805679917336,33.4
42079,PA,Luzerne,0.1041068583726883,33.4
42081,PA,Lycoming,0.0264996606856584,33.4
42083,PA,McKean,0.0743807777762413,33.4
42085,PA,Mercer,0.073702149093151,33.4
42087,PA,Mifflin,0.1085446327924728,33.4
42089,PA,Monroe,0.0587702915072441,33.4
42091,PA,Montgomery,0.2446427494287491,33.4
42093,PA,Montour,0.2771311402320862,33.4
42095,PA,Northampton,0.1111503392457962,33.4
42097,PA,Northumberland,0.0553967505693435,33.4
42099,PA,Perry,0.0865576043725013,33.4
42101,PA,Philadelphia,0.1032634451985359,33.4
42103,PA,Pike,,33.4
42105,PA,Potter,,33.4
42107,PA,Schuylkill,0.0710686594247818,33.4
42109,PA,Snyder,0.1488205939531326,33.4
42111,PA,Somerset,,33.4
42113,PA,Sullivan,,33.4
42115,PA,Susquehanna,,33.4
42117,PA,Tioga,,33.4
42119,PA,Union,0.0903056859970092,33.4
42121,PA,Venango,0.0596089661121368,33.4
42123,PA,Warren,,33.4
42125,PA,Washington,0.1353945583105087,33.4
42127,PA,Wayne,0.11727225035429,33.4
42129,PA,Westmoreland,0.1094826385378838,33.4
42131,PA,Wyoming,,33.4
42133,PA,York,0.1132206171751022,33.4
44001,RI,Bristol,0.2275077551603317,30.8
44003,RI,Kent,0.1882827430963516,30.8
44005,RI,Newport,0.1466347277164459,30.8
44007,RI,Providence,0.1319619715213776,30.8
44009,RI,Washington,0.2385761737823486,30.8
45001,SC,Abbeville,,35.0
45003,SC,Aiken,0.0867578610777854,35.0
45005,SC,Allendale,,35.0
45007,SC,Anderson,0.0685089007019996,35.0
45009,SC,Bamberg,,35.0
45011,SC,Barnwell,,35.0
45013,SC,Beaufort,0.1839964091777802,35.0
45015,SC,Berkeley,0.0678003430366516,35.0
45017,SC,Calhoun,,35.0
45019,SC,Charleston,0.1890038102865219,35.0
45021,SC,Cherokee,0.1221299469470978,35.0
45023,SC,Chester,,35.0
45025,SC,Chesterfield,0.0877077579498291,35.0
45027,SC,Clarendon,,35.0
45029,SC,Colleton,,35.0
45031,SC,Darlington,0.0751777961850166,35.0
45033,SC,Dillon,,35.0
45035,SC,Dorchester,0.0603365562856197,35.0
45037,SC,Edgefield,,35.0
45039,SC,Fairfield,,35.0
45041,SC,Florence,0.0799488350749015,35.0
45043,SC,Georgetown,0.0789228603243827,35.0
45045,SC,Greenville,0.1502386927604675,35.0
45047,SC,Greenwood,0.0703492164611816,35.0
45049,SC,Hampton,,35.0
45051,SC,Horry,0.0930362343788147,35.0
45053,SC,Jasper,,35.0
45055,SC,Kershaw,0.0889257788658142,35.0
45057,SC,Lancaster,0.1089907437562943,35.0
45059,SC,Laurens,,35.0
45061,SC,Lee,,35.0
45063,SC,Lexington,0.1085719168186188,35.0
45065,SC,McCormick,,35.0
45067,SC,Marion,,35.0
45069,SC,Marlboro,,35.0
45071,SC,Newberry,,35.0
45073,SC,Oconee,0.0624882839620113,35.0
45075,SC,Orangeburg,0.0468696914613246,35.0
45077,SC,Pickens,0.101575993001461,35.0
45079,SC,Richland,0.0906810835003852,35.0
45081,SC,Saluda,,35.0
45083,SC,Spartanburg,0.0980978235602378,35.0
45085,SC,Sumter,0.0470101535320282,35.0
45087,SC,Union,,35.0
45089,SC,Williamsburg,,35.0
45091,SC,York,0.131440132856369,35.0
46003,SD,Aurora,,36.8
46005,SD,Beadle,,36.8
46007,SD,Bennett,,36.8
46009,SD,Bon Homme,,36.8
46011,SD,Brookings,0.1685251295566559,36.8
46013,SD,Brown,0.1807011216878891,36.8
46015,SD,Brule,,36.8
46017,SD,Buffalo,,36.8
46019,SD,Butte,,36.8
46021,SD,Campbell,,36.8
46023,SD,Charles Mix,,36.8
46025,SD,Clark,,36.8
46027,SD,Clay,,36.8
46029,SD,Codington,0.141914427280426,36.8
46031,SD,Corson,,36.8
46033,SD,Custer,,36.8
46035,SD,Davison,0.151423379778862,36.8
46037,SD,Day,,36.8
46039,SD,Deuel,,36.8
46041,SD,Dewey,,36.8
46043,SD,Douglas,,36.8
46045,SD,Edmunds,,36.8
46047,SD,Fall River,,36.8
46049,SD,Faulk,,36.8
46051,SD,Grant,,36.8
46053,SD,Gregory,,36.8
46055,SD,Haakon,,36.8
46057,SD,Hamlin,,36.8
46059,SD,Hand,,36.8
46061,SD,Hanson,,36.8
46063,SD,Harding,,36.8
46065,SD,Hughes,0.1730502992868423,36.8
46067,SD,Hutchinson,,36.8
46069,SD,Hyde,,36.8
46071,SD,Jackson,,36.8
46073,SD,Jerauld,,36.8
46075,SD,Jones,,36.8
46077,SD,Kingsbury,,36.8
46079,SD,Lake,,36.8
46081,SD,Lawrence,0.1144121140241623,36.8
46083,SD,Lincoln,0.2697599232196808,36.8
46085,SD,Lyman,,36.8
46087,SD,McCook,,36.8
46089,SD,McPherson,,36.8
46091,SD,Marshall,,36.8
46093,SD,Meade,,36.8
46095,SD,Mellette,,36.8
46097,SD,Miner,,36.8
46099,SD,Minnehaha,0.1932278722524643,36.8
46101,SD,Moody,,36.8
46102,SD,Oglala Lakota,,36.8
46103,SD,Pennington,0.1380190849304199,36.8
46105,SD,Perkins,,36.8
46107,SD,Potter,,36.8
46109,SD,Roberts,,36.8
46111,SD,Sanborn,,36.8
46115,SD,Spink,,36.8
46117,SD,Stanley,,36.8
46119,SD,Sully,,36.8
46121,SD,Todd,,36.8
46123,SD,Tripp,,36.8
46125,SD,Turner,,36.8
46127,SD,Union,,36.8
46129,SD,Walworth,,36.8
46135,SD,Yankton,0.1319145262241364,36.8
46137,SD,Ziebach,,36.8
47001,TN,Anderson,0.1160421893000603,38.9
47003,TN,Bedford,,38.9
47005,TN,Benton,,38.9
47007,TN,Bledsoe,,38.9
47009,TN,Blount,0.0371054746210575,38.9
47011,TN,Bradley,0.0916833952069282,38.9
47013,TN,Campbell,,38.9
47015,TN,Cannon,,38.9
47017,TN,Carroll,,38.9
47019,TN,Carter,,38.9
47021,TN,Cheatham,,38.9
47023,TN,Chester,,38.9
47025,TN,Claiborne,,38.9
47027,TN,Clay,,38.9
47029,TN,Cocke,,38.9
47031,TN,Coffee,0.1388117671012878,38.9
47033,TN,Crockett,,38.9
47035,TN,Cumberland,0.048698928207159,38.9
47037,TN,Davidson,0.1843912750482559,38.9
47039,TN,Decatur,,38.9
47041,TN,DeKalb,,38.9
47043,TN,Dickson,0.0735618621110916,38.9
47045,TN,Dyer,0.0817594602704048,38.9
47047,TN,Fayette,0.0961076393723487,38.9
47049,TN,Fentress,,38.9
47051,TN,Franklin,,38.9
47053,TN,Gibson,0.1220529302954674,38.9
47055,TN,Giles,0.1015916019678116,38.9
47057,TN,Grainger,,38.9
47059,TN,Greene,0.0431214161217212,38.9
47061,TN,Grundy,,38.9
47063,TN,Hamblen,0.0767931193113327,38.9
47065,TN,Hamilton,0.1426026821136475,38.9
47067,TN,Hancock,,38.9
47069,TN,Hardeman,,38.9
47071,TN,Hardin,,38.9
47073,TN,Hawkins,0.0528401583433151,38.9
47075,TN,Haywood,,38.9
47077,TN,Henderson,,38.9
47079,TN,Henry,,38.9
47081,TN,Hickman,,38.9
47083,TN,Houston,,38.9
47085,TN,Humphreys,,38.9
47087,TN,Jackson,,38.9
47089,TN,Jefferson,,38.9
47091,TN,Johnson,,38.9
47093,TN,Knox,0.1492822915315628,38.9
47095,TN,Lake,,38.9
47097,TN,Lauderdale,,38.9
47099,TN,Lawrence,,38.9
47101,TN,Lewis,,38.9
47103,TN,Lincoln,,38.9
47105,TN,Loudon,0.1092697158455849,38.9
47107,TN,McMinn,,38.9
47109,TN,McNairy,,38.9
47111,TN,Macon,,38.9
47113,TN,Madison,0.1423342823982239,38.9
47115,TN,Marion,,38.9
47117,TN,Marshall,,38.9
47119,TN,Maury,0.0702881813049316,38.9
47121,TN,Meigs,,38.9
47123,TN,Monroe,,38.9
47125,TN,Montgomery,0.0746787637472152,38.9
47127,TN,Moore,,38.9
47129,TN,Morgan,,38.9
47131,TN,Obion,,38.9
47133,TN,Overton,,38.9
47135,TN,Perry,,38.9
47137,TN,Pickett,,38.9
47139,TN,Polk,,38.9
47141,TN,Putnam,0.1482781171798706,38.9
47143,TN,Rhea,0.1196064949035645,38.9
47145,TN,Roane,,38.9
47147,TN,Robertson,,38.9
47149,TN,Rutherford,0.0795847475528717,38.9
47151,TN,Scott,,38.9
47153,TN,Sequatchie,,38.9
47155,TN,Sevier,0.1007617563009262,38.9
47157,TN,Shelby,0.1121774464845657,38.9
47159,TN,Smith,,38.9
47161,TN,Stewart,,38.9
47163,TN,Sullivan,0.1070832386612892,38.9
47165,TN,Sumner,0.1073833703994751,38.9
47167,TN,Tipton,0.0484511777758598,38.9
47169,TN,Trousdale,,38.9
47171,TN,Unicoi,,38.9
47173,TN,Union,,38.9
47175,TN,Van Buren,,38.9
47177,TN,Warren,,38.9
47179,TN,Washington,0.0920478329062461,38.9
47181,TN,Wayne,,38.9
47183,TN,Weakley,,38.9
47185,TN,White,,38.9
47187,TN,Williamson,0.2323230654001236,38.9
47189,TN,Wilson,0.1147640570998192,38.9
48001,TX,Anderson,0.0518986247479915,35.5
48003,TX,Andrews,,35.5
48005,TX,Angelina,0.0691276118159294,35.5
48007,TX,Aransas,,35.5
48009,TX,Archer,,35.5
48011,TX,Armstrong,,35.5
48013,TX,Atascosa,,35.5
48015,TX,Austin,0.1000934168696404,35.5
48017,TX,Bailey,,35.5
48019,TX,Bandera,,35.5
48021,TX,Bastrop,0.1091691106557846,35.5
48023,TX,Baylor,,35.5
48025,TX,Bee,,35.5
48027,TX,Bell,0.0810970813035965,35.5
48029,TX,Bexar,0.0957162976264953,35.5
48031,TX,Blanco,,35.5
48033,TX,Borden,,35.5
48035,TX,Bosque,,35.5
48037,TX,Bowie,0.1176709681749344,35.5
48039,TX,Brazoria,0.1103758588433266,35.5
48041,TX,Brazos,0.1333017945289612,35.5
48043,TX,Brewster,,35.5
48045,TX,Briscoe,,35.5
48047,TX,Brooks,,35.5
48049,TX,Brown,,35.5
48051,TX,Burleson,,35.5
48053,TX,Burnet,0.1006988510489464,35.5
48055,TX,Caldwell,0.0682143718004226,35.5
48057,TX,Calhoun,,35.5
48059,TX,Callahan,,35.5
48061,TX,Cameron,0.0447923056781292,35.5
48063,TX,Camp,,35.5
48065,TX,Carson,,35.5
48067,TX,Cass,,35.5
48069,TX,Castro,,35.5
48071,TX,Chambers,,35.5
48073,TX,Cherokee,,35.5
48075,TX,Childress,,35.5
48077,TX,Clay,,35.5
48079,TX,Cochran,,35.5
48081,TX,Coke,,35.5
48083,TX,Coleman,,35.5
48085,TX,Collin,0.1651013195514679,35.5
48087,TX,Collingsworth,,35.5
48089,TX,Colorado,,35.5
48091,TX,Comal,0.1759580671787262,35.5
48093,TX,Comanche,,35.5
48095,TX,Concho,,35.5
48097,TX,Cooke,,35.5
48099,TX,Coryell,,35.5
48101,TX,Cottle,,35.5
48103,TX,Crane,,35.5
48105,TX,Crockett,,35.5
48107,TX,Crosby,,35.5
48109,TX,Culberson,,35.5
48111,TX,Dallam,,35.5
48113,TX,Dallas,0.1122961193323135,35.5
48115,TX,Dawson,,35.5
48117,TX,Deaf Smith,,35.5
48119,TX,Delta,,35.5
48121,TX,Denton,0.1163898706436157,35.5
48123,TX,DeWitt,,35.5
48125,TX,Dickens,,35.5
48127,TX,Dimmit,,35.5
48129,TX,Donley,,35.5
48131,TX,Duval,,35.5
48133,TX,Eastland,,35.5
48135,TX,Ector,0.0894449055194854,35.5
48137,TX,Edwards,,35.5
48139,TX,Ellis,0.078222781419754,35.5
48141,TX,El Paso,0.1022244542837143,35.5
48143,TX,Erath,,35.5
48145,TX,Falls,,35.5
48147,TX,Fannin,,35.5
48149,TX,Fayette,0.156574159860611,35.5
48151,TX,Fisher,,35.5
48153,TX,Floyd,,35.5
48155,TX,Foard,,35.5
48157,TX,Fort Bend,0.1190892979502678,35.5
48159,TX,Franklin,,35.5
48161,TX,Freestone,,35.5
48163,TX,Frio,,35.5
48165,TX,Gaines,,35.5
48167,TX,Galveston,0.092729702591896,35.5
48169,TX,Garza,,35.5
48171,TX,Gillespie,,35.5
48173,TX,Glasscock,,35.5
48175,TX,Goliad,,35.5
48177,TX,Gonzales,,35.5
48179,TX,Gray,,35.5
48181,TX,Grayson,0.0578377358615398,35.5
48183,TX,Gregg,0.1609930098056793,35.5
48185,TX,Grimes,,35.5
48187,TX,Guadalupe,0.0586139000952243,35.5
48189,TX,Hale,0.1526531130075455,35.5
48191,TX,Hall,,35.5
48193,TX,Hamilton,,35.5
48195,TX,Hansford,,35.5
48197,TX,Hardeman,,35.5
48199,TX,Hardin,0.068604752421379,35.5
48201,TX,Harris,0.1065793633460999,35.5
48203,TX,Harrison,0.0451902523636817,35.5
48205,TX,Hartley,,35.5
48207,TX,Haskell,,35.5
48209,TX,Hays,0.1160068809986115,35.5
48211,TX,Hemphill,,35.5
48213,TX,Henderson,0.1312774419784546,35.5
48215,TX,Hidalgo,0.0399908609688282,35.5
48217,TX,Hill,0.1080905795097351,35.5
48219,TX,Hockley,,35.5
48221,TX,Hood,0.1416720449924469,35.5
48223,TX,Hopkins,,35.5
48225,TX,Houston,,35.5
48227,TX,Howard,,35.5
48229,TX,Hudspeth,,35.5
48231,TX,Hunt,0.0901740342378616,35.5
48233,TX,Hutchinson,,35.5
48235,TX,Irion,,35.5
48237,TX,Jack,,35.5
48239,TX,Jackson,,35.5
48241,TX,Jasper,,35.5
48243,TX,Jeff Davis,,35.5
48245,TX,Jefferson,0.0599695369601249,35.5
48247,TX,Jim Hogg,,35.5
48249,TX,Jim Wells,,35.5
48251,TX,Johnson,0.0779618546366691,35.5
48253,TX,Jones,,35.5
48255,TX,Karnes,,35.5
48257,TX,Kaufman,0.1047500669956207,35.5
48259,TX,Kendall,0.1236527040600777,35.5
48261,TX,Kenedy,,35.5
48263,TX,Kent,,35.5
48265,TX,Kerr,0.0945733785629272,35.5
48267,TX,Kimble,,35.5
48269,TX,King,,35.5
48271,TX,Kinney,,35.5
48273,TX,Kleberg,,35.5
48275,TX,Knox,,35.5
48277,TX,Lamar,0.0601142160594463,35.5
48279,TX,Lamb,,35.5
48281,TX,Lampasas,,35.5
48283,TX,La Salle,,35.5
48285,TX,Lavaca,,35.5
48287,TX,Lee,,35.5
48289,TX,Leon,,35.5
48291,TX,Liberty,0.0327700525522232,35.5
48293,TX,Limestone,,35.5
48295,TX,Lipscomb,,35.5
48297,TX,Live Oak,,35.5
48299,TX,Llano,,35.5
48301,TX,Loving,,35.5
48303,TX,Lubbock,0.0921301767230033,35.5
48305,TX,Lynn,,35.5
48307,TX,McCulloch,,35.5
48309,TX,McLennan,0.1039541065692902,35.5
48311,TX,McMullen,,35.5
48313,TX,Madison,,35.5
48315,TX,Marion,,35.5
48317,TX,Martin,,35.5
48319,TX,Mason,,35.5
48321,TX,Matagorda,0.0816882252693176,35.5
48323,TX,Maverick,,35.5
48325,TX,Medina,0.0763971135020256,35.5
48327,TX,Menard,,35.5
48329,TX,Midland,0.1574245393276215,35.5
48331,TX,Milam,,35.5
48333,TX,Mills,,35.5
48335,TX,Mitchell,,35.5
48337,TX,Montague,,35.5
48339,TX,Montgomery,0.1133549734950066,35.5
48341,TX,Moore,,35.5
48343,TX,Morris,,35.5
48345,TX,Motley,,35.5
48347,TX,Nacogdoches,,35.5
48349,TX,Navarro,0.0789048001170158,35.5
48351,TX,Newton,,35.5
48353,TX,Nolan,,35.5
48355,TX,Nueces,0.0826109498739242,35.5
48357,TX,Ochiltree,,35.5
48359,TX,Oldham,,35.5
48361,TX,Orange,0.1206592842936516,35.5
48363,TX,Palo Pinto,,35.5
48365,TX,Panola,,35.5
48367,TX,Parker,0.1079636737704277,35.5
48369,TX,Parmer,,35.5
48371,TX,Pecos,,35.5
48373,TX,Polk,,35.5
48375,TX,Potter,0.1206854954361916,35.5
48377,TX,Presidio,,35.5
48379,TX,Rains,,35.5
48381,TX,Randall,0.1143682226538658,35.5
48383,TX,Reagan,,35.5
48385,TX,Real,,35.5
48387,TX,Red River,,35.5
48389,TX,Reeves,,35.5
48391,TX,Refugio,,35.5
48393,TX,Roberts,,35.5
48395,TX,Robertson,,35.5
48397,TX,Rockwall,0.1820034980773926,35.5
48399,TX,Runnels,,35.5
48401,TX,Rusk,,35.5
48403,TX,Sabine,,35.5
48405,TX,San Augustine,,35.5
48407,TX,San Jacinto,,35.5
48409,TX,San Patricio,0.0745500922203064,35.5
48411,TX,San Saba,,35.5
48413,TX,Schleicher,,35.5
48415,TX,Scurry,0.1800504177808762,35.5
48417,TX,Shackelford,,35.5
48419,TX,Shelby,0.1204093918204308,35.5
48421,TX,Sherman,,35.5
48423,TX,Smith,0.0890562608838081,35.5
48425,TX,Somervell,,35.5
48427,TX,Starr,,35.5
48429,TX,Stephens,,35.5
48431,TX,Sterling,,35.5
48433,TX,Stonewall,,35.5
48435,TX,Sutton,,35.5
48437,TX,Swisher,,35.5
48439,TX,Tarrant,0.1017261892557144,35.5
48441,TX,Taylor,0.1221264377236366,35.5
48443,TX,Terrell,,35.5
48445,TX,Terry,,35.5
48447,TX,Throckmorton,,35.5
48449,TX,Titus,,35.5
48451,TX,Tom Green,0.1333222240209579,35.5
48453,TX,Travis,0.1753167808055878,35.5
48455,TX,Trinity,,35.5
48457,TX,Tyler,,35.5
48459,TX,Upshur,,35.5
48461,TX,Upton,,35.5
48463,TX,Uvalde,,35.5
48465,TX,Val Verde,,35.5
48467,TX,Van Zandt,,35.5
48469,TX,Victoria,0.1196484491229057,35.5
48471,TX,Walker,0.0692866221070289,35.5
48473,TX,Waller,,35.5
48475,TX,Ward,,35.5
48477,TX,Washington,0.1118224263191223,35.5
48479,TX,Webb,0.0720250904560089,35.5
48481,TX,Wharton,,35.5
48483,TX,Wheeler,,35.5
48485,TX,Wichita,0.0525505803525447,35.5
48487,TX,Wilbarger,,35.5
48489,TX,Willacy,,35.5
48491,TX,Williamson,0.1424282342195511,35.5
48493,TX,Wilson,0.0576668009161949,35.5
48495,TX,Winkler,,35.5
48497,TX,Wise,0.0844071805477142,35.5
48499,TX,Wood,0.0648074150085449,35.5
48501,TX,Yoakum,,35.5
48503,TX,Young,,35.5
48505,TX,Zapata,,35.5
48507,TX,Zavala,,35.5
49001,UT,Beaver,,31.1
49003,UT,Box Elder,0.1052502319216728,31.1
49005,UT,Cache,0.0923048555850982,31.1
49007,UT,Carbon,,31.1
49009,UT,Daggett,,31.1
49011,UT,Davis,0.0779440551996231,31.1
49013,UT,Duchesne,,31.1
49015,UT,Emery,,31.1
49017,UT,Garfield,,31.1
49019,UT,Grand,,31.1
49021,UT,Iron,0.1408103704452515,31.1
49023,UT,Juab,,31.1
49025,UT,Kane,,31.1
49027,UT,Millard,,31.1
49029,UT,Morgan,,31.1
49031,UT,Piute,,31.1
49033,UT,Rich,,31.1
49035,UT,Salt Lake,0.1166864112019539,31.1
49037,UT,San Juan,,31.1
49039,UT,Sanpete,,31.1
49041,UT,Sevier,,31.1
49043,UT,Summit,0.3058895468711853,31.1
49045,UT,Tooele,0.0536826290190219,31.1
49047,UT,Uintah,0.1112037822604179,31.1
49049,UT,Utah,0.0691181570291519,31.1
49051,UT,Wasatch,0.1416430622339249,31.1
49053,UT,Washington,0.146014615893364,31.1
49055,UT,Wayne,,31.1
49057,UT,Weber,0.0685301795601844,31.1
50001,VT,Addison,0.1628178358078003,26.8
50003,VT,Bennington,0.2263851910829544,26.8
50005,VT,Caledonia,0.1009930968284607,26.8
50007,VT,Chittenden,0.1704137474298477,26.8
50009,VT,Essex,,26.8
50011,VT,Franklin,0.060380395501852,26.8
50013,VT,Grand Isle,,26.8
50015,VT,Lamoille,0.2762321829795837,26.8
50017,VT,Orange,,26.8
50019,VT,Orleans,,26.8
50021,VT,Rutland,0.1038709208369255,26.8
50023,VT,Washington,0.1714442521333694,26.8
50025,VT,Windham,0.1428061425685883,26.8
50027,VT,Windsor,0.127300500869751,26.8
51001,VA,Accomack,,35.2
51003,VA,Albemarle,0.1626721620559692,35.2
51005,VA,Alleghany,,35.2
51007,VA,Amelia,,35.2
51009,VA,Amherst,,35.2
51011,VA,Appomattox,,35.2
51013,VA,Arlington,0.2540407180786133,35.2
51015,VA,Augusta,0.0522575266659259,35.2
51017,VA,Bath,,35.2
51019,VA,Bedford,0.0626480057835578,35.2
51021,VA,Bland,,35.2
51023,VA,Botetourt,0.0891981124877929,35.2
51025,VA,Brunswick,,35.2
51027,VA,Buchanan,,35.2
51029,VA,Buckingham,,35.2
51031,VA,Campbell,0.1265731304883957,35.2
51033,VA,Caroline,,35.2
51035,VA,Carroll,,35.2
51036,VA,Charles City,,35.2
51037,VA,Charlotte,,35.2
51041,VA,Chesterfield,0.1311951279640198,35.2
51043,VA,Clarke,,35.2
51045,VA,Craig,,35.2
51047,VA,Culpeper,0.1680076122283936,35.2
51049,VA,Cumberland,,35.2
51051,VA,Dickenson,,35.2
51053,VA,Dinwiddie,,35.2
51057,VA,Essex,,35.2
51059,VA,Fairfax,0.165095791220665,35.2
51061,VA,Fauquier,0.0980927944183349,35.2
51063,VA,Floyd,0.3169170320034027,35.2
51065,VA,Fluvanna,,35.2
51067,VA,Franklin,0.1246283426880836,35.2
51069,VA,Frederick,0.1097465977072716,35.2
51071,VA,Giles,,35.2
51073,VA,Gloucester,0.1601751297712326,35.2
51075,VA,Goochland,0.163726419210434,35.2
51077,VA,Grayson,,35.2
51079,VA,Greene,,35.2
51081,VA,Greensville,,35.2
51083,VA,Halifax,,35.2
51085,VA,Hanover,0.1477896273136139,35.2
51087,VA,Henrico,0.2097277790307999,35.2
51089,VA,Henry,0.0795086398720741,35.2
51091,VA,Highland,,35.2
51093,VA,Isle of Wight,0.1325381100177765,35.2
51095,VA,James City,0.1546152681112289,35.2
51097,VA,King and Queen,,35.2
51099,VA,King George,0.1095650270581245,35.2
51101,VA,King William,,35.2
51103,VA,Lancaster,,35.2
51105,VA,Lee,,35.2
51107,VA,Loudoun,0.1773955523967743,35.2
51109,VA,Louisa,0.0786740779876709,35.2
51111,VA,Lunenburg,,35.2
51113,VA,Madison,,35.2
51115,VA,Mathews,,35.2
51117,VA,Mecklenburg,0.1303823441267014,35.2
51119,VA,Middlesex,,35.2
51121,VA,Montgomery,0.1219623759388924,35.2
51125,VA,Nelson,,35.2
51127,VA,New Kent,,35.2
51131,VA,Northampton,,35.2
51133,VA,Northumberland,,35.2
51135,VA,Nottoway,,35.2
51137,VA,Orange,,35.2
51139,VA,Page,,35.2
51141,VA,Patrick,,35.2
51143,VA,Pittsylvania,,35.2
51145,VA,Powhatan,,35.2
51147,VA,Prince Edward,,35.2
51149,VA,Prince George,,35.2
51153,VA,Prince William,0.1135567873716354,35.2
51155,VA,Pulaski,0.1473405063152313,35.2
51157,VA,Rappahannock,,35.2
51159,VA,Richmond,,35.2
51161,VA,Roanoke,0.1375530362129211,35.2
51163,VA,Rockbridge,,35.2
51165,VA,Rockingham,0.0728632807731628,35.2
51167,VA,Russell,,35.2
51169,VA,Scott,,35.2
51171,VA,Shenandoah,,35.2
51173,VA,Smyth,,35.2
51175,VA,Southampton,,35.2
51177,VA,Spotsylvania,0.0722287595272064,35.2
51179,VA,Stafford,0.1020746678113937,35.2
51181,VA,Surry,,35.2
51183,VA,Sussex,,35.2
51185,VA,Tazewell,0.0740210711956024,35.2
51187,VA,Warren,0.0741198286414146,35.2
51191,VA,Washington,0.0558711253106594,35.2
51193,VA,Westmoreland,,35.2
51195,VA,Wise,,35.2
51197,VA,Wythe,,35.2
51199,VA,York,0.1734129041433334,35.2
51510,VA,Alexandria,0.2331061065196991,35.2
51520,VA,Bristol,0.2308269441127777,35.2
51530,VA,Buena Vista,,35.2
51540,VA,Charlottesville,0.3194888234138489,35.2
51550,VA,Chesapeake,0.1093068718910217,35.2
51570,VA,Colonial Heights,0.1743679195642471,35.2
51580,VA,Covington,,35.2
51590,VA,Danville,0.2006571590900421,35.2
51595,VA,Emporia,,35.2
51600,VA,Fairfax,0.4695036113262177,35.2
51610,VA,Falls Church,0.4100881814956665,35.2
51620,VA,Franklin,,35.2
51630,VA,Fredericksburg,0.1017225012183189,35.2
51640,VA,Galax,,35.2
51650,VA,Hampton,0.0959664583206176,35.2
51660,VA,Harrisonburg,0.2067513763904572,35.2
51670,VA,Hopewell,,35.2
51678,VA,Lexington,,35.2
51680,VA,Lynchburg,0.1593898981809616,35.2
51683,VA,Manassas,0.1957473903894424,35.2
51685,VA,Manassas Park,0.2777160704135895,35.2
51690,VA,Martinsville,0.2428166717290878,35.2
51700,VA,Newport News,0.1284471303224564,35.2
51710,VA,Norfolk,0.0823713019490242,35.2
51720,VA,Norton,,35.2
51730,VA,Petersburg,0.0985351130366325,35.2
51735,VA,Poquoson,,35.2
51740,VA,Portsmouth,,35.2
51750,VA,Radford,,35.2
51760,VA,Richmond,0.124878354370594,35.2
51770,VA,Roanoke,0.191806823015213,35.2
51775,VA,Salem,0.1183898970484734,35.2
51790,VA,Staunton,0.2778880596160889,35.2
51800,VA,Suffolk,0.0745370686054229,35.2
51810,VA,Virginia Beach,0.1551311910152435,35.2
51820,VA,Waynesboro,0.1758937537670135,35.2
51830,VA,Williamsburg,0.2621403634548187,35.2
51840,VA,Winchester,0.1805054098367691,35.2
53001,WA,Adams,,31.7
53003,WA,Asotin,,31.7
53005,WA,Benton,0.1404861807823181,31.7
53007,WA,Chelan,0.2062546759843826,31.7
53009,WA,Clallam,0.1024760752916336,31.7
53011,WA,Clark,0.124782383441925,31.7
53013,WA,Columbia,,31.7
53015,WA,Cowlitz,0.0628529861569404,31.7
53017,WA,Douglas,0.0688705220818519,31.7
53019,WA,Ferry,,31.7
53021,WA,Franklin,0.0412052534520626,31.7
53023,WA,Garfield,,31.7
53025,WA,Grant,0.0603761449456214,31.7
53027,WA,Grays Harbor,0.0921659022569656,31.7
53029,WA,Island,0.0930081158876419,31.7
53031,WA,Jefferson,0.0917431190609932,31.7
53033,WA,King,0.1912663877010345,31.7
53035,WA,Kitsap,0.1026441901922226,31.7
53037,WA,Kittitas,0.1422648578882217,31.7
53039,WA,Klickitat,,31.7
53041,WA,Lewis,0.0487157329916954,31.7
53043,WA,Lincoln,,31.7
53045,WA,Mason,0.0732879936695098,31.7
53047,WA,Okanogan,0.1173158138990402,31.7
53049,WA,Pacific,,31.7
53051,WA,Pend Oreille,,31.7
53053,WA,Pierce,0.0930090025067329,31.7
53055,WA,San Juan,0.4573519229888916,31.7
53057,WA,Skagit,0.076459027826786,31.7
53059,WA,Skamania,,31.7
53061,WA,Snohomish,0.0915229320526123,31.7
53063,WA,Spokane,0.1381986886262894,31.7
53065,WA,Stevens,0.0647109597921371,31.7
53067,WA,Thurston,0.1020151376724243,31.7
53069,WA,Wahkiakum,,31.7
53071,WA,Walla Walla,0.0815767124295234,31.7
53073,WA,Whatcom,0.168819472193718,31.7
53075,WA,Whitman,0.0808080807328224,31.7
53077,WA,Yakima,0.0833733677864074,31.7
54001,WV,Barbour,,41.0
54003,WV,Berkeley,0.0573183223605155,41.0
54005,WV,Boone,,41.0
54007,WV,Braxton,,41.0
54009,WV,Brooke,,41.0
54011,WV,Cabell,0.0982650741934776,41.0
54013,WV,Calhoun,,41.0
54015,WV,Clay,,41.0
54017,WV,Doddridge,,41.0
54019,WV,Fayette,,41.0
54021,WV,Gilmer,,41.0
54023,WV,Grant,,41.0
54025,WV,Greenbrier,,41.0
54027,WV,Hampshire,,41.0
54029,WV,Hancock,0.1050015762448311,41.0
54031,WV,Hardy,,41.0
54033,WV,Harrison,0.1196351125836372,41.0
54035,WV,Jackson,,41.0
54037,WV,Jefferson,0.052186619490385,41.0
54039,WV,Kanawha,0.10212592035532,41.0
54041,WV,Lewis,,41.0
54043,WV,Lincoln,,41.0
54045,WV,Logan,,41.0
54047,WV,McDowell,,41.0
54049,WV,Marion,0.0714770704507827,41.0
54051,WV,Marshall,,41.0
54053,WV,Mason,,41.0
54055,WV,Mercer,,41.0
54057,WV,Mineral,,41.0
54059,WV,Mingo,,41.0
54061,WV,Monongalia,0.2059558629989624,41.0
54063,WV,Monroe,,41.0
54065,WV,Morgan,,41.0
54067,WV,Nicholas,,41.0
54069,WV,Ohio,0.0728473588824272,41.0
54071,WV,Pendleton,,41.0
54073,WV,Pleasants,,41.0
54075,WV,Pocahontas,,41.0
54077,WV,Preston,,41.0
54079,WV,Putnam,0.0531650967895984,41.0
54081,WV,Raleigh,0.0685682967305183,41.0
54083,WV,Randolph,0.1056821793317795,41.0
54085,WV,Ritchie,,41.0
54087,WV,Roane,,41.0
54089,WV,Summers,,41.0
54091,WV,Taylor,,41.0
54093,WV,Tucker,,41.0
54095,WV,Tyler,,41.0
54097,WV,Upshur,,41.0
54099,WV,Wayne,,41.0
54101,WV,Webster,,41.0
54103,WV,Wetzel,,41.0
54105,WV,Wirt,,41.0
54107,WV,Wood,0.1326291859149933,41.0
54109,WV,Wyoming,,41.0
55001,WI,Adams,,37.7
55003,WI,Ashland,,37.7
55005,WI,Barron,0.1108893305063248,37.7
55007,WI,Bayfield,,37.7
55009,WI,Brown,0.136049285531044,37.7
55011,WI,Buffalo,,37.7
55013,WI,Burnett,,37.7
55015,WI,Calumet,0.0796669945120811,37.7
55017,WI,Chippewa,0.0926827043294906,37.7
55019,WI,Clark,,37.7
55021,WI,Columbia,0.0693625584244728,37.7
55023,WI,Crawford,,37.7
55025,WI,Dane,0.2388984560966492,37.7
55027,WI,Dodge,0.0687001943588256,37.7
55029,WI,Door,0.1075692921876907,37.7
55031,WI,Douglas,0.1601757407188416,37.7
55033,WI,Dunn,0.1320073902606964,37.7
55035,WI,Eau Claire,0.1615048497915268,37.7
55037,WI,Florence,,37.7
55039,WI,Fond du Lac,0.1068978235125542,37.7
55041,WI,Forest,,37.7
55043,WI,Grant,0.0587993189692497,37.7
55045,WI,Green,0.163920983672142,37.7
55047,WI,Green Lake,,37.7
55049,WI,Iowa,,37.7
55051,WI,Iron,,37.7
55053,WI,Jackson,,37.7
55055,WI,Jefferson,0.1646322757005692,37.7
55057,WI,Juneau,0.1114910095930099,37.7
55059,WI,Kenosha,0.1119814217090607,37.7
55061,WI,Kewaunee,,37.7
55063,WI,La Crosse,0.253160297870636,37.7
55065,WI,Lafayette,,37.7
55067,WI,Langlade,,37.7
55069,WI,Lincoln,,37.7
55071,WI,Manitowoc,0.0507891364395618,37.7
55073,WI,Marathon,0.0885001420974731,37.7
55075,WI,Marinette,0.1241865754127502,37.7
55077,WI,Marquette,,37.7
55078,WI,Menominee,,37.7
55079,WI,Milwaukee,0.1047601327300072,37.7
55081,WI,Monroe,0.0858700796961784,37.7
55083,WI,Oconto,0.1563192009925842,37.7
55085,WI,Oneida,0.1398562341928482,37.7
55087,WI,Outagamie,0.1642244905233383,37.7
55089,WI,Ozaukee,0.2110102921724319,37.7
55091,WI,Pepin,,37.7
55093,WI,Pierce,0.1639344245195389,37.7
55095,WI,Polk,,37.7
55097,WI,Portage,0.1267034560441971,37.7
55099,WI,Price,,37.7
55101,WI,Racine,0.081715203821659,37.7
55103,WI,Richland,,37.7
55105,WI,Rock,0.0919771417975425,37.7
55107,WI,Rusk,,37.7
55109,WI,St. Croix,0.1633310765028,37.7
55111,WI,Sauk,0.170677587389946,37.7
55113,WI,Sawyer,,37.7
55115,WI,Shawano,0.0735546499490737,37.7
55117,WI,Sheboygan,0.121485598385334,37.7
55119,WI,Taylor,,37.7
55121,WI,Trempealeau,,37.7
55123,WI,Vernon,,37.7
55125,WI,Vilas,0.134192168712616,37.7
55127,WI,Walworth,0.0865775868296623,37.7
55129,WI,Washburn,0.1909368634223938,37.7
55131,WI,Washington,0.0879475250840187,37.7
55133,WI,Waukesha,0.2560491561889648,37.7
55135,WI,Waupaca,0.1184272840619087,37.7
55137,WI,Waushara,,37.7
55139,WI,Winnebago,0.1340084224939346,37.7
55141,WI,Wood,0.0964718833565712,37.7
56001,WY,Albany,0.1540436446666718,34.3
56003,WY,Big Horn,0.2591792643070221,34.3
56005,WY,Campbell,0.107121430337429,34.3
56007,WY,Carbon,,34.3
56009,WY,Converse,,34.3
56011,WY,Crook,,34.3
56013,WY,Fremont,0.1780400276184082,34.3
56015,WY,Goshen,,34.3
56017,WY,Hot Springs,,34.3
56019,WY,Johnson,,34.3
56021,WY,Laramie,0.0695859640836715,34.3
56023,WY,Lincoln,,34.3
56025,WY,Natrona,0.1608612239360809,34.3
56027,WY,Niobrara,,34.3
56029,WY,Park,0.1363744884729385,34.3
56031,WY,Platte,,34.3
56033,WY,Sheridan,0.2268088012933731,34.3
56035,WY,Sublette,,34.3
56037,WY,Sweetwater,0.0937360897660255,34.3
56039,WY,Teton,0.5958207249641418,34.3
56041,WY,Uinta,,34.3
56043,WY,Washakie,,34.3
56045,WY,Weston,,34.3
